age,annual_income,total_debt,credit_history_years,payment_history_score,late_payments,existing_loans,employment_years,credit_utilization,debt_to_income,creditworthy
25,92454.9,28195.78,2.27,100.0,2,2,12.21,0.165,0.305,1
55,59444.62,22931.48,12.7,100.0,1,0,18.99,0.442,0.386,1
50,72996.0,43990.87,16.49,71.41,2,3,6.63,0.942,0.603,0
40,18000.0,2374.31,14.81,88.85,2,4,5.7,0.749,0.132,1
40,39560.35,17180.39,6.28,89.26,2,0,0.5,0.03,0.434,1
59,58536.86,32415.16,10.87,87.04,2,3,10.48,0.433,0.554,0
24,41413.07,22444.07,2.9,87.19,2,2,7.59,0.606,0.542,0
52,80716.72,31782.63,24.76,85.95,6,4,10.26,0.384,0.394,0
30,108940.52,42682.56,4.67,100.0,2,1,1.3,0.328,0.392,1
25,39114.48,24619.52,5.11,96.33,1,0,8.76,0.367,0.629,1
44,46575.81,17160.6,18.04,68.22,1,0,8.03,0.53,0.368,0
64,70179.86,4395.36,18.01,92.34,3,2,7.7,0.19,0.063,1
54,100444.56,27323.39,23.71,93.6,3,2,3.58,0.658,0.272,1
55,38107.77,1036.48,21.94,86.09,1,5,12.95,0.409,0.03,1
53,70478.79,13708.97,17.71,96.71,3,2,17.25,0.233,0.195,1
56,105068.57,36859.8,17.54,84.44,1,1,1.45,0.645,0.351,0
44,28661.3,22006.58,17.1,84.61,0,4,10.6,0.111,0.768,0
26,36816.48,20476.87,5.17,83.58,0,0,0.0,0.309,0.556,1
58,55680.65,3883.37,25.14,55.76,0,2,10.34,0.306,0.07,1
41,53547.05,21121.84,17.23,80.95,3,3,0.0,0.849,0.394,0
43,82877.23,13690.07,12.23,73.31,0,1,4.38,0.283,0.165,1
37,70316.51,51427.06,12.42,66.58,3,3,0.43,0.03,0.731,0
29,25950.83,1000.0,7.49,100.0,0,2,5.92,0.304,0.039,1
62,76339.03,36677.65,15.66,88.55,3,5,11.19,0.511,0.48,1
56,52294.14,11506.46,10.3,81.61,0,1,0.0,0.577,0.22,1
49,93037.84,57932.85,14.02,74.66,4,5,5.2,0.875,0.623,0
39,51193.07,16884.35,14.25,85.85,4,3,4.43,0.701,0.33,0
58,50994.46,37392.2,15.78,94.89,4,4,14.91,0.458,0.733,0
45,76904.9,15285.38,16.2,71.25,2,1,9.16,0.242,0.199,1
40,81784.38,57241.4,5.58,81.94,2,0,1.11,0.745,0.7,0
41,74858.19,23347.44,9.84,93.28,1,4,4.64,0.346,0.312,0
31,27916.86,13935.9,7.25,56.83,3,2,14.78,0.288,0.499,0
25,76836.76,50597.87,2.2,81.25,3,1,10.57,0.337,0.659,0
45,42245.22,39579.3,18.85,76.42,5,5,2.41,0.17,0.937,0
60,70176.07,15619.66,13.78,80.26,1,1,5.66,0.327,0.223,1
23,33677.84,15365.84,3.52,75.48,3,2,5.82,0.373,0.456,0
59,74819.09,20060.62,14.69,83.79,6,4,4.31,0.566,0.268,0
58,47254.82,19195.1,29.89,100.0,1,5,0.0,0.342,0.406,1
33,36782.04,16540.34,8.29,77.79,0,5,3.61,0.167,0.45,0
49,80704.04,72113.21,9.06,85.79,1,3,13.95,0.099,0.894,1
28,70316.18,49831.63,2.83,100.0,2,0,5.09,0.462,0.709,0
55,51492.51,17729.73,10.64,74.85,4,0,6.48,0.435,0.344,0
52,96925.93,42152.85,18.53,100.0,2,4,7.7,0.309,0.435,1
36,55305.65,47713.26,11.79,82.07,5,3,18.09,0.327,0.863,1
24,65706.37,50292.33,2.71,100.0,2,0,7.04,0.498,0.765,1
64,70916.1,11995.1,21.73,91.75,0,4,12.47,0.698,0.169,1
41,51367.35,27818.33,12.53,85.99,6,5,4.01,0.264,0.542,0
61,75365.0,51143.45,22.21,81.15,1,0,5.7,0.438,0.679,0
51,53264.05,23798.68,19.6,73.89,1,4,7.06,0.612,0.447,1
56,55943.96,12281.29,18.46,82.99,3,2,3.13,0.265,0.22,0
55,94978.14,68950.83,22.46,93.67,2,2,5.98,0.417,0.726,1
29,42107.11,28826.97,8.24,81.83,1,4,11.44,0.412,0.685,0
37,18000.0,2448.53,8.08,77.88,1,1,3.0,0.158,0.136,1
42,100440.61,66461.32,6.15,78.74,1,0,7.0,0.454,0.662,1
43,121085.21,27513.69,7.82,94.9,1,5,10.54,0.426,0.227,0
22,56084.08,19098.57,2.11,97.93,2,2,2.88,0.531,0.341,0
45,22389.56,21495.73,11.4,73.33,1,1,12.48,0.183,0.96,1
27,58169.35,23976.29,6.48,73.31,4,4,7.36,0.422,0.412,0
54,58703.1,21601.6,20.29,86.93,1,1,6.17,0.696,0.368,1
51,60821.68,30740.75,16.84,100.0,1,4,0.0,0.835,0.505,1
62,40505.46,18539.03,28.56,96.9,2,0,5.13,0.676,0.458,1
54,77750.35,41827.94,13.65,65.73,0,3,8.86,0.185,0.538,1
37,76539.16,18542.89,12.54,78.57,5,2,15.73,0.51,0.242,0
64,32123.08,14327.75,11.57,69.9,2,5,9.84,0.323,0.446,0
39,80382.33,13071.02,11.76,78.52,2,3,12.63,0.477,0.163,1
35,110159.07,9836.17,12.2,100.0,1,5,0.95,0.266,0.089,0
61,68783.13,38263.24,27.69,63.51,2,1,6.37,0.077,0.556,1
37,57578.85,28372.62,12.86,60.95,3,2,13.1,0.351,0.493,0
24,61875.93,14973.11,2.69,71.23,2,4,2.56,0.565,0.242,0
42,78535.65,41860.54,15.89,85.74,6,0,11.83,0.478,0.533,0
56,26925.22,10935.46,19.97,90.07,5,5,10.67,0.501,0.406,0
29,68616.6,4513.17,6.15,87.69,3,4,8.37,0.463,0.066,1
41,56409.79,18991.28,6.43,97.28,2,4,5.36,0.501,0.337,0
26,105652.15,11581.7,2.81,59.08,1,1,2.07,0.526,0.11,1
51,61168.2,26936.66,17.34,97.45,3,4,15.88,0.365,0.44,1
42,101693.53,26027.67,6.71,77.94,6,5,10.16,0.437,0.256,0
35,40717.7,3387.85,10.55,91.51,0,1,8.7,0.769,0.083,1
31,77919.7,9751.64,8.71,64.8,2,3,4.94,0.448,0.125,0
46,72026.81,26783.77,19.89,82.06,3,0,7.19,0.429,0.372,1
51,45880.96,4777.38,9.93,85.07,6,2,7.82,0.441,0.104,0
63,68902.71,49841.91,32.39,97.02,3,0,9.0,0.376,0.723,1
40,91675.41,16990.13,6.24,61.39,3,3,10.67,0.333,0.185,1
28,57876.58,28163.58,4.87,82.4,1,3,3.09,0.462,0.487,1
58,27776.82,9555.84,26.81,67.89,1,3,0.0,0.319,0.344,1
49,64613.62,19086.39,8.84,88.57,2,4,7.42,0.391,0.295,1
52,45146.69,4166.32,8.81,92.1,3,5,0.0,0.262,0.092,0
25,57468.5,41465.03,1.84,98.73,3,1,5.38,0.442,0.722,0
35,63205.07,42076.92,8.6,75.04,3,1,4.45,0.537,0.666,0
55,27475.65,1000.0,24.26,94.05,4,1,9.46,0.378,0.036,1
58,29455.52,2694.16,12.55,99.69,2,5,16.91,0.03,0.091,1
40,75605.47,52622.6,6.87,60.64,0,0,0.0,0.538,0.696,0
57,53500.19,21386.05,20.84,89.96,0,0,18.37,0.444,0.4,1
58,18000.0,5217.02,14.69,94.46,1,0,5.83,0.221,0.29,1
38,82266.57,18405.56,12.3,78.64,5,4,8.74,0.575,0.224,0
61,70992.13,40792.21,31.17,66.26,7,3,0.0,0.14,0.575,0
33,49294.75,34593.3,9.5,94.26,1,5,11.98,0.629,0.702,0
31,36029.74,21898.81,8.95,66.41,0,1,7.21,0.409,0.608,1
51,83387.77,55134.84,16.82,79.68,1,2,6.69,0.03,0.661,1
49,72685.71,24254.57,20.65,81.48,1,3,0.0,0.456,0.334,0
27,117417.25,30171.98,3.07,91.3,3,0,7.37,0.339,0.257,0
58,74244.15,26258.56,11.37,73.85,0,5,11.23,0.309,0.354,1
29,73529.47,16497.09,6.36,73.1,0,4,5.82,0.272,0.224,0
57,61327.59,10491.94,10.76,83.29,4,0,12.87,0.395,0.171,0
21,82969.07,4445.36,2.09,95.08,0,5,12.66,0.323,0.054,0
56,78751.87,19994.53,22.64,100.0,2,2,3.79,0.049,0.254,1
56,92537.95,49130.6,27.59,62.4,2,2,14.98,0.674,0.531,0
56,53530.9,9259.69,15.46,86.1,1,5,7.23,0.371,0.173,1
50,55421.04,20805.05,15.78,67.88,1,3,7.25,0.274,0.375,0
42,54459.73,39632.84,14.9,95.24,1,1,7.49,0.194,0.728,1
52,82397.64,40179.52,12.63,69.8,4,4,7.35,0.574,0.488,0
33,97964.24,56706.52,7.81,73.23,0,4,0.0,0.16,0.579,1
56,54905.51,33917.34,22.03,74.34,3,1,6.07,0.447,0.618,0
46,55654.98,31792.19,20.7,81.01,2,4,0.18,0.303,0.571,0
41,71909.7,10946.26,14.31,86.2,2,3,15.13,0.315,0.152,1
43,59593.25,33178.91,7.73,88.29,1,1,14.93,0.199,0.557,0
46,85945.18,36372.54,13.65,81.93,2,2,11.26,0.296,0.423,1
22,18000.0,8289.36,2.18,64.71,2,5,5.81,0.422,0.461,0
27,46812.49,4773.75,2.91,91.46,0,1,1.96,0.467,0.102,1
32,47786.84,2013.13,6.52,81.31,1,4,3.71,0.263,0.042,1
26,18000.0,10485.16,3.14,97.1,4,4,16.71,0.402,0.583,0
40,43799.95,21219.21,6.81,72.8,2,5,3.54,0.598,0.484,0
51,44866.57,3505.95,16.7,61.17,3,1,0.0,0.087,0.078,1
50,60575.7,37941.8,10.65,81.56,2,1,12.15,0.419,0.626,1
42,89485.25,53832.2,13.09,98.85,4,5,14.5,0.23,0.602,1
59,59608.67,5087.87,13.73,84.09,3,2,15.3,0.209,0.085,1
46,42322.1,34895.29,17.13,79.4,1,3,12.19,0.472,0.825,0
24,63747.0,1652.28,2.09,70.69,5,3,13.01,0.311,0.03,1
55,88081.82,55890.74,25.83,100.0,2,3,7.26,0.177,0.635,1
46,43528.91,32329.24,7.37,68.62,0,3,0.0,0.685,0.743,0
49,44967.35,1000.0,15.84,72.57,1,2,7.14,0.604,0.03,1
46,77288.08,42790.9,11.48,89.41,1,2,10.11,0.034,0.554,1
45,60126.21,47537.12,9.79,57.87,1,2,6.32,0.125,0.791,0
25,79244.66,48405.11,3.4,98.57,3,3,6.1,0.539,0.611,0
46,64699.77,42671.47,18.79,90.11,6,4,2.18,0.363,0.66,0
56,80436.6,35778.54,26.89,93.69,2,3,1.99,0.72,0.445,1
34,42228.28,9268.74,6.43,89.26,1,4,16.19,0.543,0.219,1
48,64734.14,47934.77,9.81,79.91,4,2,16.37,0.48,0.74,0
22,60364.82,25630.47,2.44,68.18,3,4,6.99,0.216,0.425,1
36,38250.4,23059.15,9.74,80.18,1,2,8.41,0.518,0.603,1
40,30603.49,6548.05,7.71,69.32,2,2,2.1,0.165,0.214,0
65,80086.48,45193.14,29.62,88.32,1,0,10.21,0.681,0.564,1
30,57279.05,3352.93,6.11,92.49,2,1,15.8,0.504,0.059,1
33,42509.83,30781.14,8.65,100.0,2,4,0.0,0.255,0.724,0
39,62884.06,3163.95,9.02,86.83,5,0,9.32,0.581,0.05,1
65,89816.41,60439.46,22.07,94.02,8,1,9.7,0.868,0.673,0
59,18000.0,14553.73,13.95,78.14,1,4,9.64,0.376,0.809,0
22,32073.95,7131.37,2.51,75.78,4,5,15.21,0.53,0.222,0
31,44696.5,15574.97,4.27,88.16,2,2,17.18,0.334,0.348,1
57,97145.94,29994.45,24.93,76.98,0,2,5.83,0.437,0.309,0
23,71216.91,57153.36,3.25,85.5,4,3,10.37,0.119,0.803,0
59,81880.98,45760.74,25.56,68.2,0,4,7.42,0.42,0.559,0
33,39916.46,12529.22,3.9,70.54,2,2,3.84,0.429,0.314,0
62,40370.21,10750.18,17.01,90.26,1,1,8.35,0.78,0.266,1
34,74851.9,15906.75,7.75,93.53,2,2,10.36,0.061,0.213,1
40,66282.04,18371.38,12.05,69.19,0,1,8.08,0.364,0.277,1
50,77072.25,50640.85,22.71,90.72,1,4,2.59,0.678,0.657,0
26,60871.24,35501.04,3.5,75.07,1,0,4.68,0.372,0.583,0
46,71119.16,20348.94,19.25,82.21,2,3,4.72,0.386,0.286,1
43,68478.62,52706.94,8.29,100.0,4,0,2.79,0.253,0.77,0
56,82110.88,29741.26,16.55,92.5,4,5,8.57,0.233,0.362,1
65,82754.18,54912.66,12.98,92.35,0,3,9.09,0.055,0.664,1
50,29362.82,10180.1,19.88,100.0,4,0,11.9,0.294,0.347,1
39,18000.0,5361.37,6.83,72.85,1,5,2.71,0.222,0.298,0
39,87038.4,60044.91,7.95,69.18,5,3,4.11,0.444,0.69,0
39,91129.95,16887.15,13.39,72.61,3,3,14.77,0.262,0.185,1
57,42546.29,16520.62,20.18,78.69,1,0,6.18,0.324,0.388,1
35,24083.62,19516.57,4.37,51.39,1,1,7.15,0.33,0.81,0
28,67178.77,11368.41,2.51,79.3,1,4,6.12,0.41,0.169,0
36,85478.44,13001.73,9.1,74.92,0,2,12.67,0.314,0.152,1
22,104547.08,57297.51,1.61,92.19,1,3,12.86,0.208,0.548,0
25,76358.55,23190.37,2.38,86.58,2,5,12.57,0.437,0.304,0
25,56822.23,8457.98,3.9,74.19,1,2,7.13,0.633,0.149,0
55,45351.13,17143.09,13.48,89.67,3,2,2.64,0.446,0.378,1
53,65251.93,39756.55,19.11,91.4,3,4,16.63,0.298,0.609,1
52,58416.18,10949.12,14.95,72.01,5,0,11.28,0.395,0.187,1
41,42668.51,13989.12,7.9,75.59,5,2,4.72,0.03,0.328,1
53,110072.62,74007.57,11.17,53.07,1,5,14.12,0.392,0.672,0
28,104273.7,39826.16,3.68,67.82,3,1,4.32,0.34,0.382,0
61,89993.07,57846.84,11.39,72.35,3,1,14.05,0.233,0.643,1
43,44741.29,13099.48,10.1,82.96,1,2,14.39,0.27,0.293,1
63,83810.43,57466.47,31.54,69.71,3,0,2.39,0.338,0.686,0
27,79071.78,34350.58,5.99,75.33,2,0,9.91,0.618,0.434,1
43,74736.0,16128.95,10.9,66.07,3,1,10.91,0.638,0.216,0
52,92492.64,67258.27,18.29,84.22,4,5,20.07,0.234,0.727,1
43,78978.17,33684.96,13.34,87.53,1,1,3.29,0.316,0.427,1
41,81280.31,21983.72,15.28,87.23,3,4,14.16,0.321,0.27,0
28,79011.94,11449.41,3.68,82.16,1,2,7.09,0.582,0.145,1
38,72497.41,53674.78,7.96,61.97,1,4,0.79,0.449,0.74,0
31,25760.56,1004.62,5.21,73.94,2,1,6.4,0.439,0.039,1
34,66839.66,18027.03,4.33,76.71,2,5,7.01,0.527,0.27,0
51,52763.78,5812.3,13.44,76.76,5,2,1.71,0.301,0.11,1
49,36843.5,15079.39,21.36,82.97,2,4,8.56,0.693,0.409,1
48,101999.97,38862.92,21.18,100.0,1,4,11.79,0.42,0.381,1
37,103037.9,42223.45,5.79,92.56,2,2,8.19,0.249,0.41,1
64,94902.85,32205.54,22.04,69.16,2,4,4.29,0.374,0.339,1
24,70614.7,6310.4,2.64,90.82,3,0,6.26,0.666,0.089,1
36,94713.75,46821.68,8.9,90.32,1,2,6.98,0.335,0.494,1
26,65265.17,15791.81,4.22,71.52,0,2,8.09,0.61,0.242,1
36,69461.54,37235.48,4.68,93.04,3,5,12.55,0.295,0.536,0
64,40943.63,4491.5,30.87,79.92,3,5,8.36,0.267,0.11,1
37,73733.81,1356.59,14.0,63.67,2,4,0.0,0.552,0.03,1
61,66328.49,10962.34,24.8,87.92,4,5,4.19,0.245,0.165,0
43,36341.65,26790.08,14.51,84.82,2,5,7.83,0.585,0.737,1
52,63873.66,19495.87,17.48,79.04,2,4,12.62,0.49,0.305,1
41,63245.95,31751.22,9.59,81.51,2,3,13.49,0.245,0.502,0
32,104546.35,29387.29,4.54,72.65,2,1,15.87,0.406,0.281,1
55,84672.69,35415.51,20.06,89.93,0,4,7.65,0.31,0.418,1
64,65251.8,33105.5,12.53,81.44,2,1,10.82,0.49,0.507,1
32,70473.32,7374.62,9.27,84.16,3,1,0.0,0.798,0.105,0
56,65972.67,30471.01,17.5,86.64,2,5,9.15,0.346,0.462,0
32,60535.89,14414.76,6.4,66.99,3,0,1.62,0.527,0.238,1
53,41186.6,15907.3,14.48,70.37,0,0,6.69,0.425,0.386,1
56,61676.86,3033.33,27.92,53.27,4,3,22.15,0.425,0.049,1
41,48585.84,25954.87,7.76,89.34,4,3,8.52,0.387,0.534,0
54,37493.06,22019.64,11.72,66.24,0,0,2.68,0.249,0.587,1
33,76246.88,1000.0,4.99,83.72,3,2,9.04,0.487,0.03,1
24,73607.82,39987.46,3.48,86.82,2,1,4.41,0.362,0.543,0
25,25692.43,18465.19,5.22,89.83,1,1,2.2,0.239,0.719,0
41,62300.94,20419.02,8.46,66.35,1,1,17.52,0.623,0.328,1
61,86905.43,52451.84,30.22,81.15,0,4,12.33,0.44,0.604,0
26,88302.92,47386.34,3.11,100.0,1,2,8.73,0.374,0.537,1
41,87568.41,52527.68,13.2,100.0,0,5,5.04,0.688,0.6,0
52,65856.09,52831.84,9.19,94.84,4,0,5.45,0.053,0.802,0
30,46409.0,4581.72,5.97,86.39,4,4,14.71,0.675,0.099,1
53,41158.63,18012.6,20.2,68.93,2,5,8.53,0.244,0.438,1
34,72581.31,33319.94,8.29,91.34,0,2,0.0,0.462,0.459,0
57,73344.16,6265.86,14.39,79.95,3,4,19.1,0.302,0.085,1
47,93321.28,19143.7,19.26,89.29,2,2,7.92,0.235,0.205,1
45,89199.55,62568.1,19.85,73.77,3,3,8.72,0.683,0.701,0
28,62090.97,6634.57,4.8,79.75,2,5,12.43,0.791,0.107,0
41,37627.47,17250.54,13.06,84.13,0,3,9.33,0.376,0.458,1
59,57979.65,30259.05,26.45,85.2,1,3,10.73,0.487,0.522,1
21,69779.09,14404.53,1.11,88.42,2,5,4.88,0.431,0.206,0
55,60554.17,19749.19,25.24,74.47,2,2,0.85,0.766,0.326,0
43,52286.33,36624.69,9.75,64.54,4,1,8.4,0.03,0.7,1
53,70563.47,20174.19,22.33,100.0,0,4,14.16,0.495,0.286,1
50,53912.93,1000.0,9.79,100.0,1,4,3.76,0.275,0.03,0
40,51182.55,1000.0,8.67,87.82,1,1,3.36,0.03,0.03,1
34,71851.96,51574.89,8.27,64.79,4,4,13.11,0.348,0.718,0
49,56156.16,7353.62,15.89,71.95,0,0,4.71,0.79,0.131,1
27,70370.3,27769.29,6.08,88.62,3,1,4.95,0.289,0.395,1
47,71010.49,13351.83,21.69,99.43,2,5,5.13,0.578,0.188,1
25,39932.56,7330.07,2.13,66.23,4,3,6.68,0.66,0.184,0
50,54412.7,37115.09,12.34,80.38,1,3,0.0,0.417,0.682,0
49,96631.09,43939.44,13.29,84.55,3,3,4.3,0.444,0.455,0
24,39434.25,26687.56,2.94,93.24,2,0,8.15,0.077,0.677,0
55,18433.6,1393.22,18.39,77.53,1,5,8.12,0.277,0.076,1
39,24039.41,15509.73,14.24,61.67,2,1,12.79,0.601,0.645,0
56,65640.42,41244.98,24.14,90.08,3,4,16.2,0.432,0.628,1
22,65680.18,29415.39,1.04,96.62,2,5,14.56,0.493,0.448,1
29,62412.56,17475.92,5.25,80.93,4,1,11.57,0.447,0.28,0
43,91712.18,57791.64,13.98,87.27,3,3,6.26,0.858,0.63,1
29,18000.0,8211.06,5.28,75.83,0,0,3.88,0.334,0.456,1
35,73710.55,32671.71,5.36,71.0,1,3,7.09,0.741,0.443,0
50,99351.64,77985.69,14.36,95.34,3,2,9.93,0.447,0.785,0
27,40188.82,4513.89,4.1,87.04,4,0,11.11,0.759,0.112,1
51,56644.26,14989.07,11.35,88.37,0,4,10.12,0.175,0.265,1
25,48436.38,3167.67,4.4,100.0,2,5,6.39,0.457,0.065,0
28,45324.39,18218.82,4.11,68.29,5,0,10.93,0.341,0.402,0
47,57822.24,5867.75,15.79,74.82,3,5,13.3,0.448,0.101,1
56,96404.68,55796.1,19.3,84.05,5,5,11.4,0.664,0.579,0
28,105422.51,20983.52,6.89,74.66,0,3,6.84,0.496,0.199,0
34,57609.34,23508.7,4.98,92.18,0,5,2.83,0.664,0.408,0
62,106911.32,31104.84,13.51,79.56,2,1,2.71,0.286,0.291,1
65,65782.68,30816.63,18.81,69.1,1,4,3.59,0.255,0.468,0
47,103581.2,35483.01,13.5,82.86,3,4,8.29,0.423,0.343,0
41,62947.43,41864.67,9.18,84.21,1,3,9.6,0.412,0.665,1
36,67883.27,25988.74,11.37,94.15,1,5,0.0,0.383,0.383,0
48,73040.44,13817.1,11.18,87.11,4,5,4.48,0.228,0.189,1
47,134934.78,78060.06,8.48,87.99,2,4,8.22,0.66,0.579,1
34,83728.28,38983.73,7.31,86.16,3,3,2.5,0.347,0.466,0
22,49440.18,6912.4,2.55,79.55,1,5,9.17,0.705,0.14,1
27,86317.95,54128.84,6.08,72.69,1,3,5.46,0.423,0.627,0
64,57039.68,16219.52,28.37,85.75,3,3,3.38,0.55,0.284,1
39,54225.5,7268.77,11.11,77.67,3,1,7.27,0.532,0.134,0
42,84989.23,26410.66,14.69,100.0,4,1,8.96,0.255,0.311,0
42,65683.88,6738.32,14.18,99.45,3,5,2.76,0.493,0.103,0
56,71128.67,22979.05,13.95,90.23,5,2,5.79,0.806,0.323,1
23,65307.67,32043.39,2.63,86.92,1,3,9.34,0.47,0.491,1
24,72404.83,14595.99,3.81,80.86,2,4,3.19,0.6,0.202,0
33,74349.25,43290.8,6.13,65.61,0,1,0.0,0.559,0.582,0
42,22386.73,18530.31,13.85,79.19,1,1,0.0,0.481,0.828,1
51,79664.6,43293.26,16.19,83.32,2,0,4.91,0.457,0.543,1
43,43395.57,27454.7,12.54,84.98,2,1,0.41,0.529,0.633,1
40,33269.42,22827.7,6.49,88.1,3,3,5.26,0.573,0.686,0
63,63714.95,41707.48,26.24,93.98,5,4,15.32,0.15,0.655,1
28,66847.58,24892.38,6.83,73.0,5,1,0.11,0.469,0.372,0
46,49742.86,3894.34,8.98,73.12,4,2,5.59,0.383,0.078,0
45,83282.7,35728.2,11.69,100.0,4,1,17.66,0.342,0.429,1
42,35472.15,16305.7,6.58,92.02,3,4,9.04,0.679,0.46,1
57,56047.24,12208.03,10.33,76.92,4,3,5.16,0.273,0.218,0
33,52132.77,26665.59,11.17,80.61,0,0,6.22,0.141,0.511,1
63,63975.08,1000.0,22.35,80.66,1,3,9.15,0.579,0.03,0
35,71135.01,43000.21,7.27,82.41,0,2,15.48,0.136,0.604,1
45,42826.36,14434.59,10.46,88.14,2,5,4.35,0.034,0.337,1
44,80934.22,7217.13,19.24,100.0,5,1,3.21,0.602,0.089,1
59,66386.05,14096.56,15.42,84.47,0,5,0.11,0.452,0.212,1
40,23377.18,4876.63,13.48,90.61,3,4,7.52,0.515,0.209,0
33,21910.99,1000.0,5.88,60.08,0,0,0.0,0.332,0.046,0
21,64728.98,9553.73,0.86,75.7,4,4,4.68,0.143,0.148,0
37,60138.72,12915.11,11.24,97.97,0,4,2.46,0.183,0.215,1
58,62724.76,13317.81,10.03,87.23,2,2,12.37,0.366,0.212,1
21,64384.39,17046.02,1.76,35.0,2,0,4.46,0.166,0.265,0
61,69962.32,30582.68,16.13,90.76,0,2,8.98,0.481,0.437,1
45,85848.29,20281.86,16.82,100.0,3,3,0.0,0.328,0.236,1
27,40555.69,9650.06,5.71,56.05,1,0,7.66,0.457,0.238,0
34,39216.62,4961.35,9.79,100.0,4,2,0.98,0.451,0.127,0
45,40946.88,1000.0,7.08,45.96,3,4,4.87,0.497,0.03,0
35,71356.17,15315.88,10.23,94.19,2,3,18.06,0.52,0.215,0
25,92388.84,61613.17,5.22,81.89,3,5,11.66,0.351,0.667,0
50,55510.53,38823.48,11.88,51.45,6,1,6.36,0.457,0.699,0
51,18000.0,14575.14,12.77,87.8,1,4,22.99,0.467,0.81,1
26,27512.16,1000.0,5.25,96.96,3,2,2.42,0.03,0.036,1
33,46673.19,19514.36,4.95,86.73,1,1,12.83,0.549,0.418,1
31,52729.96,12682.8,7.54,89.6,2,5,0.0,0.45,0.241,0
50,56015.45,29055.08,20.08,76.65,2,3,5.78,0.533,0.519,1
53,65848.78,43950.5,9.4,57.8,1,3,0.26,0.163,0.667,0
53,58141.58,35636.99,18.44,90.99,1,1,8.29,0.357,0.613,1
63,88085.47,58733.55,24.21,100.0,3,5,7.28,0.202,0.667,1
55,50127.62,15861.44,14.86,96.68,1,0,5.46,0.569,0.316,1
35,46029.0,17426.33,11.7,56.16,3,0,12.46,0.139,0.379,1
25,75535.26,40754.91,2.32,62.31,2,1,4.16,0.234,0.54,0
48,31215.87,13106.45,12.96,71.0,1,3,8.63,0.527,0.42,0
62,73573.22,40986.05,29.67,61.29,4,0,11.1,0.294,0.557,0
64,67256.17,3972.77,15.88,82.57,1,4,0.0,0.234,0.059,1
31,61756.27,44070.86,8.59,87.11,3,1,3.26,0.601,0.714,0
31,99942.07,67590.34,3.76,63.41,2,4,7.27,0.61,0.676,0
22,51311.44,9758.7,1.98,92.1,2,4,10.15,0.564,0.19,1
27,110326.56,53410.17,2.59,89.81,2,5,14.11,0.59,0.484,0
45,60040.51,10961.1,15.9,74.87,2,1,5.92,0.374,0.183,0
45,36905.64,18039.67,17.42,79.76,2,0,5.42,0.379,0.489,1
37,66538.23,45597.63,12.82,56.65,6,4,2.64,0.29,0.685,0
34,41322.61,12696.96,11.85,77.68,5,2,8.65,0.454,0.307,0
58,48461.37,36856.6,23.44,82.1,1,5,5.51,0.314,0.761,1
41,73734.73,6708.25,14.59,84.19,0,1,5.63,0.333,0.091,0
57,77222.81,13633.95,19.61,86.93,2,3,6.53,0.54,0.177,0
64,51312.31,16356.58,32.49,85.18,2,0,9.76,0.657,0.319,1
35,86722.91,8300.32,9.72,78.56,1,2,4.18,0.5,0.096,1
30,90465.17,30433.08,8.3,85.72,4,0,3.14,0.779,0.336,0
63,96598.64,25533.18,16.55,95.03,0,4,9.16,0.279,0.264,1
49,76647.09,21988.78,15.45,80.76,0,3,0.0,0.052,0.287,1
34,94995.43,36119.6,9.84,86.13,3,0,3.98,0.563,0.38,1
48,23622.43,17933.92,10.54,79.58,3,2,1.24,0.266,0.759,0
44,58006.06,13572.68,9.25,73.59,2,2,13.02,0.365,0.234,1
61,45925.88,28821.54,31.78,88.8,5,4,4.8,0.066,0.628,0
32,67622.97,24302.65,6.54,74.78,2,2,4.2,0.24,0.359,0
65,52428.12,17403.11,16.02,87.02,3,2,6.76,0.12,0.332,1
63,61344.53,34954.68,18.71,82.37,2,4,4.02,0.333,0.57,1
29,106407.85,41133.31,4.94,78.05,2,3,4.99,0.341,0.387,1
28,61266.16,18981.01,5.62,77.73,1,4,7.49,0.438,0.31,1
44,74103.43,45222.92,18.5,75.39,4,5,4.89,0.668,0.61,0
23,59890.07,11938.29,3.72,60.6,1,5,4.85,0.555,0.199,0
34,66665.69,22179.66,9.21,86.98,2,5,1.95,0.096,0.333,1
40,65132.37,32572.57,13.2,85.01,4,4,1.23,0.542,0.5,0
64,74863.13,20362.65,18.9,93.05,3,3,7.3,0.442,0.272,1
65,90636.77,54586.06,31.89,75.09,3,3,8.53,0.4,0.602,1
27,101242.67,20725.12,3.23,100.0,3,1,0.0,0.415,0.205,1
61,71811.64,55577.27,13.04,77.06,0,4,10.8,0.461,0.774,1
25,77970.03,45856.99,5.16,70.62,3,4,10.82,0.282,0.588,1
54,39680.98,29551.69,24.55,69.08,4,5,11.87,0.384,0.745,0
59,63066.71,45591.57,16.47,59.46,0,4,8.5,0.657,0.723,0
61,85686.37,17123.53,25.27,100.0,1,2,10.19,0.279,0.2,0
31,84051.31,34368.72,6.29,99.82,2,1,17.93,0.214,0.409,0
61,69655.41,8420.74,17.7,89.81,2,5,5.49,0.408,0.121,1
26,84500.67,58299.94,3.15,70.35,3,4,1.77,0.194,0.69,0
44,75796.87,38653.66,8.27,100.0,2,5,0.0,0.075,0.51,1
42,91406.74,13395.78,12.59,77.43,3,3,15.78,0.351,0.147,0
35,71365.9,48441.69,8.05,78.5,1,3,15.84,0.71,0.679,0
21,57174.64,8296.31,1.52,100.0,2,0,2.38,0.412,0.145,0
55,72388.51,36085.58,13.23,90.57,1,0,3.36,0.456,0.498,1
36,18000.0,14535.62,12.95,100.0,1,4,5.38,0.03,0.808,0
50,73423.49,8115.31,18.22,85.23,0,1,13.12,0.508,0.111,1
39,18000.0,11359.22,14.7,76.84,1,0,0.56,0.439,0.631,0
37,27083.81,17143.27,5.79,74.05,1,4,0.0,0.287,0.633,0
60,74938.91,3919.98,23.58,57.99,5,3,17.84,0.456,0.052,1
25,75505.65,29543.03,4.72,78.38,2,0,8.56,0.454,0.391,1
54,39426.57,9202.1,14.96,96.88,1,2,9.27,0.208,0.233,0
54,49333.76,25186.48,12.51,89.78,2,2,5.97,0.486,0.511,0
38,95151.9,3234.39,7.65,82.26,2,0,9.33,0.659,0.034,1
32,54351.34,36381.15,5.41,69.07,1,3,0.0,0.374,0.669,0
21,114344.25,77613.19,1.42,84.95,2,2,2.8,0.246,0.679,0
63,64957.76,10297.38,18.58,95.17,2,5,7.53,0.384,0.159,1
63,73976.8,19204.64,17.35,87.6,4,0,0.0,0.591,0.26,1
31,100571.24,48837.94,7.47,84.17,3,5,5.49,0.175,0.486,0
22,67882.6,32120.1,1.11,71.64,2,0,5.18,0.536,0.473,0
26,42948.43,7315.18,3.36,93.27,4,4,5.49,0.284,0.17,1
24,62586.0,8235.6,3.57,41.29,3,4,4.24,0.468,0.132,0
58,64216.56,11713.18,13.52,86.98,3,2,2.02,0.307,0.182,1
61,34975.68,34663.78,15.5,100.0,1,1,0.0,0.307,0.991,0
27,59371.69,25803.74,3.15,62.39,0,0,7.72,0.725,0.435,0
54,48671.77,24819.64,9.02,78.86,3,2,5.5,0.138,0.51,0
29,85335.87,31919.74,5.36,81.9,1,4,0.12,0.517,0.374,0
37,65761.46,47030.16,5.12,75.99,1,4,7.31,0.766,0.715,0
47,58778.49,7437.74,11.21,95.47,1,1,5.53,0.557,0.127,1
53,62664.0,10831.15,26.16,88.14,1,0,4.69,0.154,0.173,1
60,69908.68,44402.74,29.79,83.98,3,3,0.0,0.164,0.635,0
23,78569.91,56364.32,1.79,92.36,2,3,10.41,0.27,0.717,0
29,43006.33,13726.32,4.46,82.22,3,5,0.83,0.452,0.319,0
33,42085.07,16695.61,7.23,100.0,1,4,7.32,0.465,0.397,0
34,89302.94,28720.15,10.76,83.97,3,3,2.96,0.166,0.322,1
65,55928.59,17363.38,30.61,84.54,0,3,5.06,0.245,0.31,1
55,33829.47,1000.0,11.59,59.76,2,3,12.76,0.258,0.03,1
35,74763.88,47647.1,5.31,74.94,2,2,9.66,0.384,0.637,0
64,75194.14,14470.7,21.08,96.92,3,4,12.65,0.817,0.192,1
43,31324.26,11932.79,17.13,64.64,0,1,8.65,0.233,0.381,0
43,70048.6,7623.4,17.28,53.95,1,4,8.98,0.225,0.109,1
40,81182.83,5981.57,6.68,82.42,1,5,0.0,0.193,0.074,0
27,73236.5,25879.61,4.83,99.82,6,2,5.41,0.547,0.353,0
63,78903.59,23747.42,14.75,82.55,7,2,5.88,0.412,0.301,0
21,34106.08,12712.29,1.78,77.63,3,2,13.12,0.241,0.373,0
28,72282.88,10799.88,7.08,57.84,1,4,4.47,0.347,0.149,0
31,58342.37,35299.47,6.21,87.88,1,1,8.32,0.262,0.605,1
33,54378.62,31361.19,4.37,90.6,2,2,8.13,0.479,0.577,1
26,84152.22,54409.68,4.32,58.84,3,3,12.79,0.957,0.647,0
21,97544.04,15711.03,1.36,96.75,7,4,6.33,0.53,0.161,0
51,104476.14,29261.72,21.63,91.95,2,1,11.14,0.401,0.28,1
64,93925.77,27638.38,19.33,96.72,3,0,0.0,0.287,0.294,1
26,62585.85,18981.51,5.5,89.59,2,3,0.0,0.151,0.303,0
34,72759.84,11372.03,6.19,90.5,2,3,0.0,0.567,0.156,1
43,81870.1,4648.76,8.22,88.77,4,4,10.93,0.556,0.057,0
62,67665.91,20814.24,17.74,93.29,3,0,10.37,0.327,0.308,1
52,67876.81,12447.2,9.09,58.36,0,0,11.48,0.663,0.183,1
55,83122.57,29737.33,14.45,62.49,3,2,3.61,0.424,0.358,0
47,63695.78,10570.53,16.82,72.43,2,3,4.18,0.575,0.166,1
39,48955.69,6597.64,6.74,80.31,3,0,6.39,0.479,0.135,1
29,55881.59,25928.16,3.36,87.05,4,1,14.22,0.385,0.464,1
59,78946.03,26526.84,12.96,86.22,6,2,15.47,0.229,0.336,0
57,65065.85,20608.58,11.26,96.52,3,1,10.97,0.391,0.317,1
22,72484.62,40106.09,2.75,96.93,3,4,8.66,0.588,0.553,0
53,79741.74,43727.19,25.27,70.66,1,0,13.68,0.318,0.548,1
24,56753.49,17521.74,1.64,85.1,2,5,5.72,0.508,0.309,1
54,81637.46,39787.01,22.68,70.98,2,1,5.05,0.203,0.487,1
58,73334.54,53148.83,24.74,79.55,2,2,6.35,0.576,0.725,0
26,37834.11,13212.67,5.99,86.18,3,5,2.11,0.483,0.349,0
40,96730.71,58694.0,9.33,37.69,1,3,6.12,0.18,0.607,0
26,53983.62,30136.73,3.14,100.0,1,5,1.41,0.375,0.558,0
46,28587.9,1000.0,13.34,89.36,3,0,12.13,0.606,0.035,1
62,42009.04,6085.64,29.84,74.26,0,4,9.72,0.168,0.145,1
24,42537.01,18941.52,3.69,100.0,1,0,14.15,0.206,0.445,1
38,66147.81,43760.12,9.72,77.48,2,3,0.0,0.406,0.662,0
64,58975.29,24790.71,17.12,83.72,1,1,16.51,0.847,0.42,1
34,57589.7,9625.38,9.82,75.67,3,4,0.0,0.285,0.167,0
26,78633.44,30347.18,5.42,100.0,2,0,1.01,0.519,0.386,0
42,72477.26,8743.82,10.8,80.64,1,5,3.9,0.472,0.121,0
43,71953.05,32158.33,14.61,83.94,3,2,13.54,0.302,0.447,1
50,74016.23,27532.55,14.4,97.65,1,3,8.13,0.452,0.372,0
35,78554.96,45703.04,8.32,89.61,2,3,5.78,0.33,0.582,0
64,18625.03,16390.26,23.57,81.29,3,0,3.04,0.348,0.88,0
44,56982.36,24371.14,16.58,96.44,4,1,0.12,0.088,0.428,1
33,18000.0,13876.01,11.08,100.0,3,4,12.66,0.415,0.771,0
64,65793.32,30463.18,21.72,86.13,5,5,10.99,0.6,0.463,0
62,64898.07,35278.36,18.53,83.52,1,5,13.76,0.431,0.544,0
43,88001.71,61483.15,10.92,84.22,1,3,8.98,0.638,0.699,1
22,91127.96,15235.87,1.27,99.04,2,1,0.0,0.536,0.167,0
47,69461.05,32983.71,11.56,74.21,1,2,0.78,0.408,0.475,0
45,53992.06,10671.67,7.92,78.38,3,2,9.32,0.294,0.198,1
27,75673.54,38381.55,4.18,62.01,2,2,5.15,0.323,0.507,0
49,53385.81,16787.72,10.34,66.61,4,2,4.21,0.126,0.314,0
58,64969.36,23006.63,16.93,75.27,3,5,1.48,0.367,0.354,1
25,86695.0,13959.82,4.53,81.27,2,2,11.74,0.449,0.161,1
53,52729.03,9620.75,13.05,100.0,1,0,9.28,0.763,0.182,1
27,82724.93,45217.88,5.0,88.97,4,4,9.51,0.526,0.547,0
54,79902.83,16001.03,25.22,70.14,4,3,3.83,0.247,0.2,1
39,43994.58,9803.81,11.2,72.54,0,2,7.88,0.132,0.223,1
21,86425.67,58728.23,1.04,99.87,4,3,0.31,0.379,0.68,0
64,80368.46,53153.28,19.43,96.65,2,5,6.35,0.582,0.661,0
28,67242.37,12806.37,5.45,82.37,0,5,0.0,0.376,0.19,0
47,48228.88,11703.27,14.6,76.25,3,4,0.0,0.528,0.243,0
29,46097.47,38993.42,3.57,96.62,4,3,5.39,0.384,0.846,0
62,53171.42,24124.99,20.83,69.09,4,0,18.88,0.563,0.454,1
54,76937.08,50799.34,18.78,87.1,1,3,0.0,0.101,0.66,0
57,43976.25,13544.94,14.96,100.0,0,4,0.78,0.741,0.308,1
40,74625.27,21261.02,12.24,84.67,3,5,8.08,0.198,0.285,1
42,37681.38,5552.06,6.84,71.92,2,4,15.85,0.579,0.147,0
49,60510.49,43267.76,12.97,87.33,5,5,8.01,0.366,0.715,0
56,67412.25,9370.53,24.78,75.89,1,3,10.51,0.397,0.139,1
59,118792.86,1000.0,15.57,63.88,4,0,5.31,0.372,0.03,1
21,34699.06,26471.26,1.66,91.11,3,2,4.45,0.471,0.763,0
50,97384.32,67848.53,14.56,96.53,1,1,7.41,0.512,0.697,1
25,68296.53,40117.18,2.86,77.96,2,5,3.71,0.632,0.587,0
33,74045.78,21752.1,10.62,77.1,1,4,10.62,0.702,0.294,1
58,67603.65,29012.1,16.87,69.5,3,2,0.0,0.486,0.429,0
32,74783.99,23313.54,5.16,80.05,4,2,11.45,0.763,0.312,0
56,61618.93,17584.73,26.78,74.69,4,0,7.2,0.439,0.285,1
41,96989.1,38849.38,14.33,68.86,1,0,5.93,0.635,0.401,1
31,54957.63,28959.47,7.68,100.0,1,1,0.0,0.506,0.527,0
36,89909.16,52053.3,4.95,88.06,1,1,2.1,0.31,0.579,0
44,50823.92,34725.95,8.21,89.44,3,1,12.99,0.456,0.683,0
55,63674.46,47853.29,21.06,93.48,3,5,5.96,0.521,0.752,1
48,41416.82,2486.53,10.64,92.02,1,4,8.39,0.414,0.06,1
62,75010.52,29479.27,15.96,76.63,5,3,2.6,0.503,0.393,0
60,96792.77,15438.78,26.86,85.54,3,1,6.85,0.593,0.16,1
54,63298.16,16660.23,14.15,78.5,3,5,0.14,0.415,0.263,0
48,60668.51,20134.78,8.57,87.7,3,3,7.5,0.03,0.332,1
34,40478.43,4277.92,4.29,86.44,2,3,8.85,0.756,0.106,1
39,59955.56,34876.43,9.9,77.03,1,2,8.6,0.36,0.582,0
26,29958.53,3999.03,4.47,64.72,1,3,2.48,0.255,0.133,1
37,44916.68,34669.41,13.0,83.9,2,5,5.29,0.195,0.772,0
62,69989.29,14800.58,13.44,79.34,3,4,9.69,0.353,0.211,1
40,94018.29,12715.05,7.66,57.43,3,2,5.94,0.307,0.135,1
26,126802.64,49444.44,4.12,88.6,0,4,5.56,0.273,0.39,1
50,52095.13,1301.69,13.83,94.55,2,5,16.52,0.284,0.03,1
64,96576.6,23771.92,22.6,100.0,1,1,2.25,0.526,0.246,1
60,70362.55,47368.03,29.91,76.91,1,5,12.4,0.826,0.673,1
33,61672.55,10965.75,7.84,75.0,5,3,1.23,0.584,0.178,0
41,74517.08,17921.12,10.52,67.58,0,1,10.27,0.645,0.24,0
44,66362.16,30474.84,19.36,84.71,1,5,10.54,0.345,0.459,1
32,67428.71,19813.8,3.96,84.63,4,4,4.45,0.441,0.294,0
33,56016.67,18985.64,10.74,71.45,0,2,0.91,0.505,0.339,0
31,34241.59,3836.27,6.51,79.73,1,1,0.0,0.288,0.112,1
65,31040.25,21973.31,23.59,56.28,4,5,3.92,0.335,0.708,0
54,79371.39,21987.57,25.6,94.04,2,4,9.63,0.591,0.277,1
58,58912.6,27424.33,20.15,71.98,1,0,1.61,0.638,0.466,1
57,51886.04,18166.69,18.3,81.55,2,3,7.48,0.433,0.35,1
64,65187.12,49983.22,17.77,63.45,1,0,0.0,0.181,0.767,1
25,82488.51,30146.22,4.06,74.43,2,1,5.83,0.361,0.365,1
60,68968.01,23131.3,22.46,78.37,4,3,1.26,0.132,0.335,1
23,50566.79,3459.66,1.79,81.85,1,1,6.61,0.435,0.068,1
42,91978.45,21042.51,14.51,88.24,0,3,4.49,0.471,0.229,1
47,99742.08,12566.46,16.59,100.0,0,2,1.05,0.366,0.126,1
37,75880.25,35910.78,8.52,91.53,4,3,3.71,0.468,0.473,1
27,86420.6,24800.76,2.27,94.51,2,4,2.33,0.503,0.287,0
29,92323.12,40701.55,5.21,100.0,2,0,0.43,0.471,0.441,1
58,89862.18,7555.68,10.12,89.41,3,4,12.41,0.18,0.084,1
35,78510.18,57018.44,4.89,81.52,2,1,5.2,0.369,0.726,0
34,78163.64,49715.81,7.44,95.12,1,0,0.0,0.502,0.636,1
62,76432.53,6084.87,12.8,95.95,2,2,3.88,0.736,0.08,0
27,40858.57,7169.12,3.49,90.43,3,1,11.57,0.366,0.175,1
62,80415.91,12063.12,25.42,63.09,3,1,3.19,0.53,0.15,0
62,35172.09,29325.57,17.79,71.06,1,2,14.49,0.596,0.834,1
47,47518.81,14554.63,21.72,78.43,1,5,2.72,0.381,0.306,1
28,93678.43,46043.76,7.08,92.14,3,3,9.52,0.65,0.492,0
28,83484.84,32748.24,5.43,81.72,3,4,12.18,0.66,0.392,0
33,97722.76,60632.45,11.0,96.78,1,0,9.25,0.696,0.62,0
46,59023.16,23598.13,19.15,99.1,5,0,0.13,0.512,0.4,0
27,39650.53,14692.25,3.69,97.59,1,2,2.29,0.892,0.371,0
41,59710.38,38265.02,14.37,97.67,4,4,12.85,0.297,0.641,0
26,67244.69,5652.47,2.55,68.52,5,5,2.98,0.845,0.084,0
45,66737.75,40734.33,15.99,88.27,0,0,11.88,0.574,0.61,1
21,89940.97,8962.4,1.49,74.1,4,2,4.85,0.688,0.1,0
52,57052.05,29132.25,8.79,60.56,4,2,7.71,0.356,0.511,0
23,72744.76,48561.6,1.94,78.26,2,4,0.07,0.589,0.668,0
29,43250.2,27319.34,8.0,99.22,2,1,3.96,0.705,0.632,0
28,74906.98,45071.08,4.08,87.99,0,2,2.62,0.203,0.602,1
58,65068.39,14089.73,13.63,100.0,6,5,8.13,0.387,0.217,1
23,48504.11,19610.47,1.72,84.3,2,2,7.47,0.03,0.404,1
40,59811.75,17121.05,10.77,100.0,3,4,9.31,0.384,0.286,1
47,60948.13,31904.78,19.47,84.31,2,3,4.55,0.257,0.523,1
44,59056.59,25240.37,16.35,82.29,2,3,2.35,0.376,0.427,1
51,103969.51,23037.28,15.46,65.37,2,1,7.91,0.98,0.222,0
57,62834.19,17385.57,13.82,96.44,0,5,1.85,0.764,0.277,0
38,59634.29,21693.88,5.46,75.47,7,1,12.39,0.132,0.364,0
58,18856.08,4855.0,19.25,73.59,3,5,6.43,0.531,0.257,0
35,45327.44,9262.47,11.18,98.66,2,5,5.37,0.58,0.204,0
65,59212.38,41837.58,28.9,97.06,2,3,9.31,0.352,0.707,1
43,49911.24,18349.22,11.36,96.72,1,5,6.62,0.456,0.368,0
54,95397.57,16257.45,19.7,77.29,2,4,0.0,0.475,0.17,0
60,61371.37,25907.56,19.66,81.34,1,4,1.69,0.151,0.422,0
56,93345.77,56927.43,20.5,81.22,2,0,12.29,0.214,0.61,1
59,66357.5,19730.08,20.86,92.17,3,0,7.42,0.454,0.297,1
45,65819.01,12013.4,15.94,100.0,3,0,0.0,0.44,0.183,1
22,63046.48,2010.24,2.02,86.79,4,0,8.76,0.278,0.032,1
43,65083.52,7639.13,18.01,100.0,2,5,4.2,0.261,0.117,1
29,102813.49,59699.02,5.1,93.66,0,1,2.63,0.402,0.581,0
61,18000.0,13401.44,11.09,78.95,2,0,1.28,0.597,0.745,1
31,20965.99,4991.06,4.79,92.77,2,5,12.0,0.405,0.238,0
31,53050.24,26795.42,6.5,100.0,3,1,0.0,0.745,0.505,0
32,65319.61,6753.47,7.28,100.0,3,4,2.81,0.281,0.103,1
49,80182.3,35682.77,16.31,97.43,2,5,7.6,0.459,0.445,1
46,75407.92,35752.22,17.0,82.33,1,3,14.89,0.349,0.474,1
63,56546.59,12443.3,17.43,79.18,3,5,9.77,0.538,0.22,1
39,87418.96,12881.11,12.23,89.49,2,5,2.77,0.264,0.147,1
33,87664.3,42830.63,9.03,100.0,3,0,14.65,0.805,0.489,0
23,69049.27,44745.83,2.28,87.64,0,0,0.22,0.082,0.648,1
21,86178.47,12147.9,1.35,87.91,3,2,8.33,0.763,0.141,0
37,70998.2,12406.57,6.45,82.67,1,3,9.44,0.438,0.175,1
62,52647.37,15005.36,20.11,77.74,1,4,2.59,0.53,0.285,0
44,80351.97,34314.93,16.73,79.89,1,1,10.49,0.687,0.427,1
61,67433.49,38060.93,30.29,83.76,2,1,4.43,0.592,0.564,0
25,65029.48,41075.8,3.83,100.0,4,1,10.48,0.274,0.632,0
25,97404.98,58573.66,2.8,78.88,5,1,0.0,0.54,0.601,0
58,18000.0,5467.42,23.65,82.68,4,5,8.67,0.793,0.304,0
25,33810.95,25448.92,4.34,70.75,2,2,4.94,0.243,0.753,1
23,38884.45,6999.95,2.08,91.32,3,5,12.75,0.844,0.18,0
39,57008.27,29348.6,13.93,99.77,5,0,6.78,0.497,0.515,1
62,59398.62,11265.18,12.62,100.0,2,0,13.25,0.333,0.19,1
52,31838.84,9827.18,8.68,84.64,2,4,9.54,0.241,0.309,1
25,43326.52,32190.88,2.18,89.47,3,1,6.36,0.375,0.743,0
58,46061.48,23519.3,13.12,80.0,2,0,10.94,0.03,0.511,1
58,119063.33,89202.48,27.58,88.86,3,3,10.97,0.337,0.749,1
57,104638.32,34437.45,18.04,86.08,0,0,9.36,0.367,0.329,1
61,55941.51,20597.33,16.66,82.76,2,0,0.0,0.205,0.368,1
31,57001.17,30313.78,6.04,83.79,4,2,2.09,0.57,0.532,0
65,39717.51,10213.46,21.03,87.87,1,3,13.92,0.376,0.257,1
35,23021.13,1161.14,6.81,78.18,3,3,0.72,0.293,0.05,0
57,62428.64,29021.39,12.44,78.85,2,3,11.41,0.355,0.465,1
47,43047.26,1000.0,16.76,100.0,1,0,10.53,0.491,0.03,1
56,63133.29,38397.62,12.1,100.0,2,1,3.37,0.435,0.608,0
49,29795.47,9241.81,19.77,66.34,1,2,0.0,0.28,0.31,0
49,48236.56,1000.0,10.88,65.63,2,1,4.16,0.445,0.03,1
48,68269.8,44621.6,18.47,69.56,3,3,17.39,0.41,0.654,0
56,73056.61,7346.42,24.81,80.66,2,1,2.68,0.192,0.101,1
54,74184.38,49402.09,11.26,93.65,3,3,3.03,0.362,0.666,0
27,35949.24,22108.1,2.64,89.69,2,5,2.01,0.536,0.615,0
58,83803.09,11121.6,28.99,84.24,1,3,13.07,0.534,0.133,1
45,47395.34,21191.28,13.0,88.88,2,2,5.79,0.374,0.447,1
35,78922.87,42429.73,9.61,73.0,1,2,3.87,0.555,0.538,0
44,64765.95,38140.47,6.8,78.83,2,3,14.07,0.224,0.589,0
64,34719.48,15583.92,17.91,81.74,1,4,9.9,0.23,0.449,1
59,58043.65,31239.79,20.61,61.41,2,1,2.4,0.37,0.538,1
58,73038.0,40527.5,27.72,66.9,2,0,0.88,0.72,0.555,1
41,78485.24,30023.26,8.87,67.42,3,4,12.79,0.453,0.383,1
56,61898.27,36893.68,24.23,91.93,1,3,7.08,0.365,0.596,1
38,98699.14,65099.83,11.62,85.19,3,0,0.0,0.729,0.66,1
51,87165.24,42659.33,10.15,89.94,3,3,0.0,0.363,0.489,0
49,59353.61,34823.87,12.3,58.08,4,0,1.42,0.867,0.587,0
32,81502.68,32642.65,5.17,62.71,0,3,0.8,0.318,0.401,1
32,107543.46,66223.04,6.6,90.62,2,4,0.0,0.218,0.616,0
23,108130.66,82737.75,2.84,45.88,1,0,1.5,0.387,0.765,0
27,37984.0,5801.7,4.2,97.92,4,4,2.4,0.37,0.153,0
40,44616.27,5510.37,8.19,58.3,3,0,4.69,0.258,0.124,0
42,97668.21,32273.88,14.35,92.96,1,1,15.46,0.94,0.33,1
28,41717.82,17841.45,5.42,70.45,1,4,5.67,0.484,0.428,0
39,35904.1,17090.66,10.7,95.64,3,2,6.16,0.513,0.476,1
48,54303.73,7368.5,15.82,100.0,0,5,9.55,0.328,0.136,1
31,74244.99,18035.38,4.69,52.45,2,5,5.81,0.304,0.243,0
36,62747.27,31968.65,10.62,91.04,1,5,9.0,0.625,0.509,1
37,50687.6,33570.47,8.43,58.49,1,0,8.4,0.085,0.662,1
43,50167.33,25984.3,10.79,87.55,2,1,7.61,0.191,0.518,1
37,49328.58,27027.17,6.17,79.31,2,1,20.83,0.371,0.548,1
54,45650.79,24328.55,19.74,83.69,0,3,11.56,0.69,0.533,1
35,115195.92,79644.43,9.37,70.15,0,2,1.59,0.345,0.691,0
40,71545.24,29748.08,9.24,92.15,2,4,8.85,0.503,0.416,0
38,84508.7,37038.32,13.6,63.17,2,1,3.04,0.426,0.438,0
29,54240.3,21729.92,7.4,98.14,0,1,9.23,0.679,0.401,1
51,60908.95,4624.93,10.05,76.68,1,3,0.12,0.103,0.076,1
31,49301.81,11644.12,7.77,63.77,1,3,1.46,0.567,0.236,0
34,18000.0,14281.85,7.15,100.0,4,4,8.72,0.38,0.793,0
56,34683.8,31934.1,28.49,81.12,3,1,11.99,0.605,0.921,1
63,25166.39,15461.52,16.31,100.0,1,3,9.51,0.256,0.614,1
51,18000.0,1000.0,12.88,97.88,2,5,11.27,0.425,0.056,1
62,38702.1,30444.4,20.73,71.62,3,3,8.87,0.399,0.787,1
59,94149.02,17183.17,15.76,80.9,2,5,7.86,0.22,0.183,1
42,64022.4,33240.89,14.3,83.57,2,2,4.48,0.164,0.519,0
55,93392.4,49888.59,18.15,100.0,4,0,11.07,0.304,0.534,1
35,74041.62,41440.86,6.13,87.69,4,4,12.12,0.446,0.56,0
41,82216.29,42985.79,11.57,84.29,1,2,6.68,0.269,0.523,1
45,45180.27,25056.4,18.75,79.4,1,0,6.42,0.354,0.555,1
64,76526.92,20783.83,29.73,81.34,1,0,14.96,0.043,0.272,1
59,81031.71,60356.57,20.48,98.96,1,1,6.9,0.346,0.745,1
43,52313.76,29454.09,9.86,82.05,2,1,7.38,0.625,0.563,1
50,77309.89,36023.46,10.88,76.87,4,4,9.42,0.561,0.466,1
30,77456.13,15599.22,8.27,74.66,0,3,6.51,0.403,0.201,1
57,52909.84,11851.81,23.6,74.8,4,1,2.9,0.469,0.224,0
45,40299.09,9981.69,14.47,63.77,3,0,8.89,0.254,0.248,0
44,38949.18,7015.63,17.93,72.25,1,0,6.81,0.745,0.18,1
55,66903.12,24057.09,11.5,100.0,3,5,16.21,0.834,0.36,1
49,72194.22,47495.43,18.33,79.31,3,2,10.94,0.453,0.658,0
24,47564.43,16300.16,2.15,91.16,4,0,4.02,0.938,0.343,1
33,65584.88,11743.4,4.65,49.78,3,4,10.65,0.284,0.179,0
28,77551.81,1000.0,4.83,89.39,1,5,8.54,0.17,0.03,1
54,78600.2,26852.42,15.97,79.9,1,0,13.55,0.278,0.342,1
22,99141.36,67525.89,2.88,75.74,2,5,4.38,0.376,0.681,0
30,93093.58,26128.68,4.94,84.35,0,4,7.94,0.882,0.281,1
47,42971.59,27126.66,19.07,75.55,8,1,6.5,0.364,0.631,0
52,102038.9,61109.23,21.23,54.39,5,4,7.29,0.248,0.599,0
43,53318.52,8443.46,14.6,93.99,6,2,2.57,0.24,0.158,0
59,87987.2,38749.46,29.12,85.16,1,3,9.88,0.648,0.44,1
62,66495.71,43550.7,19.97,77.92,1,0,9.09,0.619,0.655,1
26,55932.71,23801.88,3.56,69.44,2,1,13.43,0.323,0.426,0
63,25230.67,1841.93,14.87,62.89,2,4,6.95,0.045,0.073,0
48,61225.58,52742.64,11.64,84.91,2,4,4.94,0.194,0.861,1
49,30693.57,20752.24,21.39,100.0,1,0,10.95,0.764,0.676,1
25,86280.58,31219.11,3.41,84.64,6,1,3.03,0.558,0.362,1
48,98369.44,49080.56,12.62,64.02,1,3,12.42,0.433,0.499,1
53,47467.96,12563.04,12.53,84.93,2,5,12.41,0.794,0.265,1
47,71643.36,48312.27,14.28,81.31,3,4,13.29,0.812,0.674,0
24,49041.39,25521.5,3.65,93.23,1,4,8.88,0.413,0.52,0
44,51173.34,1000.0,10.23,89.89,2,2,4.57,0.416,0.03,1
63,82038.88,42689.33,28.3,43.18,1,0,7.55,0.304,0.52,0
53,64152.16,45033.83,19.77,89.09,2,4,8.9,0.363,0.702,1
27,103272.26,58649.65,5.79,68.95,2,4,4.2,0.123,0.568,0
64,54390.89,11955.53,17.27,63.52,1,2,13.67,0.122,0.22,1
64,86985.4,14278.12,26.01,79.55,3,3,9.9,0.075,0.164,1
28,67143.1,48740.52,3.27,87.34,4,1,2.54,0.637,0.726,0
57,82507.12,51515.09,16.84,60.67,1,2,16.41,0.108,0.624,1
39,55162.53,15537.49,12.86,91.16,0,1,7.49,0.81,0.282,1
47,63909.71,40254.59,16.41,91.92,2,2,1.53,0.274,0.63,1
41,62459.02,22896.84,7.91,82.61,3,0,2.85,0.767,0.367,1
56,46606.74,12788.01,25.81,70.72,1,3,14.44,0.347,0.274,1
65,79565.79,9261.14,13.0,69.27,1,1,16.12,0.107,0.116,1
56,79305.48,1949.86,20.81,95.34,1,4,12.05,0.677,0.03,1
62,78058.2,23735.04,32.64,62.35,3,3,13.6,0.7,0.304,0
63,98813.24,60845.23,23.21,95.84,2,5,13.08,0.239,0.616,0
25,96885.59,21571.62,4.55,79.85,2,1,9.78,0.354,0.223,0
32,56751.22,12101.62,7.67,80.75,3,1,8.65,0.239,0.213,1
53,73207.15,38921.75,22.45,59.79,2,1,9.7,0.396,0.532,1
47,51280.78,11569.98,16.76,80.09,3,3,10.68,0.442,0.226,0
23,65513.82,15026.46,2.98,89.98,1,0,3.29,0.35,0.229,1
25,51805.51,26613.76,2.55,64.63,2,4,10.66,0.056,0.514,0
44,100641.55,34080.37,16.14,88.48,3,4,14.29,0.304,0.339,1
48,73001.36,37387.08,11.07,83.16,2,4,5.97,0.561,0.512,1
28,60203.36,40288.39,7.4,73.63,4,0,5.43,0.378,0.669,0
28,91259.61,23785.86,3.64,93.11,2,2,9.38,0.355,0.261,0
26,18000.0,7874.58,2.95,53.37,1,3,3.75,0.234,0.437,0
46,20689.74,14126.63,19.02,86.51,3,2,0.42,0.298,0.683,0
21,82508.45,52084.56,1.11,100.0,2,2,12.74,0.702,0.631,0
46,66330.31,34640.09,12.05,100.0,2,4,4.75,0.192,0.522,0
42,70509.82,31986.63,14.58,87.07,4,5,7.09,0.564,0.454,0
41,35819.29,19391.99,7.58,78.08,0,1,3.95,0.429,0.541,0
51,64488.86,33550.72,10.87,73.73,2,1,13.38,0.469,0.52,1
44,109077.21,1000.0,12.82,78.06,3,1,11.27,0.274,0.03,1
53,83132.39,59958.35,13.01,89.07,3,2,5.8,0.35,0.721,1
55,68733.54,26109.29,13.61,71.51,3,3,1.1,0.419,0.38,0
62,55340.81,24367.98,11.2,91.85,1,4,5.27,0.316,0.44,1
56,56319.4,18374.14,16.54,100.0,0,1,9.85,0.486,0.326,1
44,18157.65,3504.87,10.64,81.2,5,1,7.94,0.511,0.193,0
43,70668.09,31382.28,6.64,64.52,3,0,7.55,0.855,0.444,0
31,83600.63,36696.87,7.29,64.52,1,0,8.06,0.476,0.439,0
47,30336.37,1133.54,16.34,92.1,2,0,10.79,0.038,0.037,0
27,50448.83,7714.19,2.57,81.22,1,1,6.79,0.653,0.153,0
62,39535.78,18758.34,17.97,93.4,5,4,9.25,0.379,0.474,1
59,43762.27,13112.66,28.14,75.06,2,4,2.07,0.822,0.3,1
26,66176.6,23747.28,4.33,92.8,0,5,19.77,0.714,0.359,1
56,19143.15,10519.76,17.33,79.94,0,3,5.58,0.319,0.55,1
26,78513.95,13828.11,3.86,72.48,1,2,8.02,0.564,0.176,0
53,81584.81,19168.87,12.39,76.79,2,5,9.83,0.301,0.235,1
24,59475.74,18019.96,3.94,66.44,3,0,4.95,0.421,0.303,1
42,18000.0,8429.57,16.97,100.0,6,3,7.04,0.555,0.468,0
50,43078.79,14968.36,22.57,80.75,6,4,6.98,0.643,0.347,0
53,92123.84,40868.02,12.67,90.38,0,3,2.43,0.599,0.444,0
39,18000.0,14208.89,8.51,75.02,0,1,9.19,0.435,0.789,1
62,57354.48,8255.23,14.53,68.32,3,3,0.0,0.917,0.144,0
55,39039.98,23021.46,14.93,78.96,3,5,15.76,0.347,0.59,0
30,82700.55,18717.04,5.0,96.32,1,1,10.96,0.099,0.226,1
51,50147.49,18468.91,18.7,75.23,1,3,10.2,0.137,0.368,0
53,73886.99,31270.09,12.07,70.68,2,0,0.0,0.715,0.423,0
36,77440.13,5124.14,12.77,84.02,0,1,3.04,0.405,0.066,1
54,105396.97,41146.43,10.86,88.49,1,4,13.95,0.452,0.39,0
61,60535.28,25158.54,10.9,100.0,2,2,27.76,0.311,0.416,1
57,73272.98,48378.29,26.42,86.6,7,1,12.97,0.329,0.66,1
55,32328.78,9357.81,22.27,90.37,5,2,12.18,0.263,0.289,1
49,91189.1,39614.41,13.26,91.35,3,0,9.62,0.514,0.434,1
33,48268.81,14967.51,8.22,67.01,1,4,2.76,0.401,0.31,0
56,52663.41,1000.0,13.75,69.48,3,5,11.98,0.507,0.03,1
37,64510.55,1605.25,6.35,67.91,1,0,1.49,0.488,0.03,1
44,30616.54,15316.06,12.62,64.68,1,1,0.95,0.335,0.5,0
35,70032.94,47849.17,7.25,92.34,2,5,0.63,0.128,0.683,0
35,86284.26,1563.62,9.48,85.77,1,5,11.88,0.111,0.03,1
28,71444.54,27551.68,3.59,83.03,0,4,6.71,0.98,0.386,0
64,30044.25,19908.46,26.75,48.29,0,4,7.5,0.716,0.663,0
27,62276.2,37995.05,5.7,100.0,3,5,6.92,0.688,0.61,0
24,81324.64,34210.38,2.0,70.37,2,2,1.37,0.285,0.421,1
63,23684.25,14446.51,12.24,100.0,1,5,3.65,0.422,0.61,0
45,41355.15,21526.77,12.68,63.16,2,5,3.9,0.257,0.521,0
40,84283.96,53500.88,14.01,71.44,3,1,0.0,0.158,0.635,0
54,70942.1,11972.19,20.71,53.36,4,0,4.48,0.302,0.169,0
38,74063.37,55061.48,12.02,86.71,4,3,1.59,0.685,0.743,0
26,105908.89,6488.91,3.61,67.68,2,4,9.89,0.588,0.061,1
53,75308.16,48249.31,12.86,68.05,2,5,10.3,0.226,0.641,0
28,79473.54,4333.91,5.16,64.16,5,0,0.53,0.357,0.055,1
45,124636.4,18908.84,9.51,92.11,4,2,5.52,0.57,0.152,1
63,60296.3,7024.91,27.59,91.25,1,4,16.28,0.306,0.117,1
63,47446.58,19385.17,15.68,100.0,3,0,2.1,0.436,0.409,1
37,74411.52,23413.19,7.52,73.09,3,4,9.13,0.5,0.315,0
56,74657.8,13812.03,19.12,84.84,1,1,7.53,0.498,0.185,1
48,53412.26,19767.25,14.8,65.24,3,0,12.46,0.471,0.37,1
42,42287.27,17507.04,13.21,77.64,2,1,8.48,0.289,0.414,1
27,115816.58,72701.88,4.22,75.26,1,4,4.84,0.31,0.628,0
37,72190.56,53298.57,13.48,88.04,2,5,7.33,0.193,0.738,0
50,48889.72,24273.28,21.44,95.22,4,0,7.41,0.108,0.496,1
65,85150.47,18608.01,32.41,94.88,1,2,6.54,0.397,0.219,1
21,62598.81,17216.02,1.69,71.04,3,1,0.4,0.583,0.275,0
53,59436.61,44132.89,19.86,94.98,3,4,13.22,0.144,0.743,1
59,77370.0,10084.71,22.74,81.43,1,4,12.33,0.475,0.13,1
63,36578.59,13481.51,21.03,77.78,2,5,1.78,0.577,0.369,0
40,72757.8,47961.32,9.04,72.79,3,2,5.5,0.053,0.659,1
26,107085.01,80122.37,4.37,74.72,2,1,5.87,0.366,0.748,0
33,75255.91,39651.1,3.94,100.0,1,1,1.22,0.749,0.527,0
59,56723.33,27462.07,10.4,86.0,6,4,0.0,0.53,0.484,0
60,53843.68,20262.16,28.38,84.27,2,2,3.65,0.046,0.376,1
49,55972.52,30088.76,8.47,78.59,2,0,5.22,0.552,0.538,0
26,59412.82,1843.98,4.1,100.0,1,5,0.0,0.27,0.031,0
26,56688.26,16277.07,4.46,98.97,1,0,7.88,0.558,0.287,0
42,85158.85,37506.21,8.38,72.63,1,5,12.81,0.282,0.44,1
47,26869.4,3347.05,20.24,78.44,3,0,11.21,0.409,0.125,0
22,83964.0,35407.83,1.38,79.21,3,3,6.37,0.312,0.422,0
51,56646.9,12971.27,22.84,83.9,3,1,0.0,0.421,0.229,1
45,73292.85,40611.99,17.05,72.88,0,4,10.58,0.307,0.554,1
21,40206.27,28226.89,1.11,87.7,0,2,7.73,0.375,0.702,0
25,94229.88,51218.01,2.28,100.0,4,2,9.12,0.185,0.544,0
41,92403.97,52779.81,9.39,64.92,2,2,16.68,0.518,0.571,0
53,86110.99,12315.33,15.71,67.33,1,5,2.88,0.455,0.143,1
58,31675.39,17042.88,14.92,75.72,5,1,0.0,0.097,0.538,0
40,83240.66,12034.38,16.49,76.32,3,1,1.73,0.619,0.145,0
34,73906.81,54729.82,5.84,100.0,1,0,9.43,0.385,0.741,1
64,29684.03,17176.43,30.6,95.02,4,4,7.13,0.452,0.579,0
41,64465.46,40774.44,7.58,94.28,0,4,0.92,0.573,0.633,0
35,73019.76,47612.41,12.58,78.56,1,3,0.0,0.486,0.652,0
40,77233.66,59529.76,7.98,78.28,2,0,5.23,0.653,0.771,0
21,68899.75,13320.5,1.38,63.13,3,4,0.77,0.361,0.193,0
34,71407.09,47663.93,8.47,92.16,3,4,9.6,0.627,0.667,0
44,97419.45,42829.91,8.06,88.38,3,5,4.94,0.445,0.44,0
62,91972.75,25439.98,28.97,98.72,2,5,3.86,0.522,0.277,1
54,18000.0,9945.87,13.94,79.26,2,1,3.21,0.501,0.553,1
56,58016.35,7880.76,19.94,80.16,4,4,8.32,0.668,0.136,1
45,61377.68,13245.78,14.17,84.21,4,2,7.21,0.564,0.216,1
25,26453.83,9588.2,3.86,93.59,1,3,8.01,0.331,0.362,1
38,67072.03,8738.87,5.55,62.89,5,1,7.9,0.292,0.13,0
65,92472.67,39718.31,15.71,91.57,1,3,6.64,0.41,0.43,1
22,41095.51,27267.66,1.32,81.73,3,5,1.83,0.268,0.664,0
60,72400.82,41405.24,16.84,68.24,3,3,3.35,0.21,0.572,0
51,44851.88,23222.81,10.64,54.9,1,5,5.03,0.03,0.518,1
33,50217.94,19807.74,10.66,80.23,0,5,17.33,0.11,0.394,0
56,97502.66,41209.14,19.25,100.0,2,0,0.26,0.817,0.423,1
58,53063.73,14178.83,22.47,100.0,2,5,4.91,0.289,0.267,1
22,75168.67,44862.42,1.71,86.62,1,4,7.49,0.801,0.597,0
25,23833.2,1000.0,2.72,100.0,4,2,5.48,0.501,0.042,0
50,105970.99,60559.21,16.05,81.44,2,3,12.37,0.41,0.571,0
65,78258.35,48275.99,18.67,94.39,1,3,5.46,0.12,0.617,0
22,60985.0,33042.48,1.69,76.13,4,4,5.83,0.421,0.542,1
50,77662.02,46113.12,15.24,75.31,2,4,11.07,0.798,0.594,0
27,33983.97,4090.78,4.53,73.19,3,0,16.05,0.732,0.12,0
50,91015.68,63018.98,23.75,55.21,0,0,14.04,0.475,0.692,1
49,57872.33,32086.66,11.21,98.73,0,1,6.32,0.19,0.554,1
25,60510.47,27429.63,3.46,73.66,2,3,6.75,0.229,0.453,0
51,54183.58,29791.23,10.72,71.58,4,5,7.23,0.249,0.55,0
61,52225.67,24289.75,18.27,66.66,2,3,7.73,0.676,0.465,0
59,80282.75,55097.95,24.95,79.34,0,0,2.76,0.746,0.686,0
22,70629.95,31063.16,1.35,100.0,0,4,11.68,0.459,0.44,0
32,79338.46,58293.69,7.57,100.0,2,2,8.03,0.359,0.735,1
31,64806.52,30939.58,5.96,60.41,4,2,6.78,0.73,0.477,0
41,76290.4,26352.31,6.34,77.39,3,4,0.64,0.224,0.345,0
27,55785.33,39199.49,6.45,68.55,4,1,7.31,0.43,0.703,0
59,114054.1,46098.97,18.73,94.85,0,3,0.0,0.513,0.404,1
55,30505.53,11135.82,23.75,85.73,2,1,4.09,0.247,0.365,1
57,92740.62,9130.22,17.87,73.72,2,2,4.18,0.293,0.098,1
29,95093.96,27527.23,7.91,82.94,5,3,8.43,0.277,0.289,0
21,46252.51,27657.69,1.19,75.79,3,3,16.4,0.703,0.598,1
61,114044.02,40970.34,19.61,100.0,2,5,9.86,0.803,0.359,1
34,86900.79,20931.68,10.07,89.11,1,1,14.24,0.443,0.241,1
50,86365.06,18333.0,13.5,90.71,3,5,10.23,0.366,0.212,0
61,65616.49,17563.26,18.58,47.33,3,4,12.63,0.3,0.268,0
22,60221.02,31702.87,2.99,81.13,0,2,16.29,0.42,0.526,1
21,60393.01,45058.81,1.58,100.0,3,0,3.34,0.31,0.746,0
21,73591.67,7041.94,1.78,99.24,6,1,3.01,0.401,0.096,0
28,95826.1,41753.76,5.72,57.99,4,3,10.34,0.503,0.436,0
23,68988.91,22271.37,3.32,77.93,1,4,6.98,0.339,0.323,1
57,44948.24,20471.75,26.56,66.38,3,3,8.1,0.382,0.455,0
48,83137.4,31692.17,15.95,100.0,4,4,5.76,0.383,0.381,0
65,85265.32,32971.25,18.67,85.18,3,0,4.02,0.356,0.387,0
57,79402.51,17072.35,10.19,72.02,0,3,15.1,0.332,0.215,1
64,81400.98,33073.95,25.63,82.44,2,5,1.5,0.572,0.406,0
31,59039.58,24451.95,8.62,48.1,1,2,10.43,0.066,0.414,1
33,44562.24,16461.67,7.13,67.9,4,5,9.62,0.735,0.369,0
59,45899.74,30588.77,13.63,82.47,4,0,0.0,0.447,0.666,0
32,29019.81,17935.69,5.52,92.99,2,5,2.85,0.542,0.618,0
23,70212.87,18764.72,2.52,56.76,4,4,3.69,0.565,0.267,0
51,63164.13,35921.37,22.06,77.04,2,3,9.82,0.278,0.569,1
57,55320.27,34595.44,13.1,95.13,1,3,5.16,0.237,0.625,0
64,18000.0,8577.71,25.58,63.13,4,5,6.57,0.214,0.477,1
62,37559.02,13537.4,27.57,84.98,1,2,0.0,0.371,0.36,1
26,89658.49,22075.34,5.74,82.86,1,0,18.63,0.56,0.246,1
55,50378.23,29502.36,11.41,100.0,2,5,7.36,0.303,0.586,0
59,72933.02,23639.14,29.24,79.01,1,0,9.5,0.542,0.324,1
52,34404.92,16388.41,18.72,79.77,2,3,4.3,0.03,0.476,1
57,96651.52,26887.34,24.7,93.11,2,1,3.74,0.343,0.278,1
58,61831.39,31374.78,11.08,64.76,1,5,16.56,0.653,0.507,0
41,71380.89,50650.93,11.57,79.13,0,5,0.0,0.386,0.71,0
22,116167.16,35761.55,2.25,76.08,0,2,8.39,0.254,0.308,1
41,98361.68,63570.19,9.28,80.19,4,3,0.94,0.289,0.646,0
30,58255.56,41880.17,5.59,93.03,6,2,4.97,0.03,0.719,0
26,51949.16,38682.09,4.22,89.2,5,2,3.81,0.218,0.745,0
26,57838.01,10762.3,4.21,72.27,2,5,2.07,0.631,0.186,0
52,76217.76,48718.1,9.21,83.78,1,1,7.18,0.303,0.639,1
43,62685.07,1000.0,11.74,100.0,0,5,0.0,0.327,0.03,1
45,56304.63,13479.08,9.64,71.19,3,3,5.42,0.03,0.239,0
54,97277.99,74873.37,25.5,83.89,2,5,6.55,0.094,0.77,1
45,62487.38,32362.07,19.93,79.49,2,3,0.2,0.658,0.518,0
49,115590.96,45011.67,12.39,81.18,1,4,14.57,0.543,0.389,1
24,66996.34,28695.14,2.03,60.8,2,2,4.03,0.161,0.428,0
59,104277.0,65915.62,14.75,100.0,4,2,5.81,0.294,0.632,0
41,72861.03,42723.23,11.24,71.93,1,1,4.04,0.414,0.586,0
27,86185.13,31877.72,6.19,95.34,2,1,6.59,0.181,0.37,1
57,49058.56,31508.36,19.5,73.92,1,0,13.54,0.03,0.642,1
54,46217.3,8902.24,10.0,73.87,2,2,19.37,0.388,0.193,1
23,75113.53,5801.08,1.35,97.77,3,5,10.73,0.535,0.077,0
29,86748.17,42931.21,4.0,94.92,5,5,12.44,0.538,0.495,0
21,65885.64,49602.78,2.01,84.71,1,4,15.58,0.595,0.753,0
33,36699.35,17439.19,8.41,91.89,5,2,8.24,0.109,0.475,0
25,35074.32,8313.62,3.72,78.25,3,3,14.85,0.432,0.237,1
52,33603.0,1000.0,13.92,81.89,1,4,10.96,0.366,0.03,1
44,26112.31,16565.6,18.58,73.4,1,0,7.72,0.403,0.634,0
65,67408.68,27750.77,19.53,93.75,1,5,8.75,0.378,0.412,1
54,89750.97,40431.91,24.03,72.99,3,5,0.0,0.288,0.45,0
48,64704.85,44060.78,20.94,100.0,1,5,8.46,0.03,0.681,1
43,18000.0,4008.51,12.29,77.89,0,0,0.0,0.652,0.223,1
23,60803.27,23015.42,3.49,82.27,3,5,0.0,0.486,0.379,0
24,61418.42,18326.67,2.33,91.86,1,3,7.96,0.123,0.298,0
48,111111.97,66615.7,17.38,82.31,1,3,1.43,0.515,0.6,0
21,32942.97,10297.6,0.88,78.13,3,1,6.96,0.331,0.313,0
22,56405.09,9661.22,1.95,81.61,1,2,7.69,0.336,0.171,0
30,102528.76,11433.57,4.3,93.62,1,2,7.92,0.266,0.112,1
60,74899.52,42637.35,11.82,73.38,0,5,2.48,0.527,0.569,0
41,77392.89,44340.4,5.79,80.36,1,2,11.49,0.26,0.573,0
52,67520.86,11809.44,14.02,82.13,4,1,6.55,0.201,0.175,1
39,72258.76,17441.1,11.44,93.24,2,5,9.21,0.646,0.241,0
28,82107.41,58995.82,4.78,80.7,1,1,1.02,0.384,0.719,0
37,47191.3,1000.0,7.62,100.0,4,5,6.11,0.391,0.03,1
25,84317.29,30062.92,5.22,79.96,3,5,12.49,0.558,0.357,0
55,34793.93,6679.38,26.63,78.91,2,1,11.85,0.286,0.192,1
29,72224.1,15039.17,3.44,79.78,2,4,3.01,0.326,0.208,1
37,68932.3,18660.36,8.69,64.88,5,4,4.27,0.481,0.271,0
65,51441.55,27458.77,27.0,68.52,1,3,2.06,0.112,0.534,1
47,64500.92,12996.15,17.89,75.1,1,4,3.72,0.464,0.201,1
41,51304.12,24399.86,9.96,96.77,0,0,0.0,0.269,0.476,1
45,41422.57,22650.03,16.82,81.57,2,3,6.31,0.591,0.547,1
56,57220.48,20772.09,11.86,75.7,5,3,10.17,0.529,0.363,0
32,40712.25,2238.4,5.82,97.94,5,3,3.07,0.503,0.055,1
49,72101.54,40163.74,18.85,100.0,2,5,6.55,0.099,0.557,0
60,39698.12,1000.0,23.64,98.32,3,4,5.9,0.399,0.03,1
46,80663.49,49226.61,18.72,70.91,1,3,12.28,0.185,0.61,1
41,39007.46,6179.79,6.29,75.56,1,2,3.94,0.413,0.158,0
27,52541.51,33014.07,3.03,100.0,3,2,4.12,0.03,0.628,0
32,51258.73,3455.12,3.84,85.13,1,0,2.77,0.112,0.067,1
63,94153.23,18491.96,15.57,78.52,3,3,1.31,0.658,0.196,0
45,72266.38,26312.69,6.81,91.34,3,1,9.65,0.494,0.364,0
34,60341.86,11441.36,8.03,95.09,3,5,6.32,0.349,0.19,0
39,75971.83,17398.56,10.8,74.57,2,4,7.27,0.238,0.229,1
47,18641.77,16558.81,16.79,84.85,8,5,13.37,0.203,0.888,0
45,64051.06,36969.03,11.95,94.05,1,5,13.66,0.46,0.577,0
52,108945.31,11888.81,8.55,66.92,3,2,0.0,0.351,0.109,0
32,67911.62,40422.48,8.22,82.16,1,2,10.24,0.729,0.595,0
50,66494.09,38377.8,8.87,67.51,2,3,8.13,0.383,0.577,0
40,77058.82,49454.21,15.03,69.21,0,2,4.69,0.432,0.642,0
63,84703.32,42017.32,11.76,74.68,2,1,8.64,0.142,0.496,1
28,21055.73,4911.62,5.15,88.2,1,4,0.0,0.348,0.233,1
27,27988.82,4619.57,6.28,77.81,2,2,14.31,0.455,0.165,0
41,69626.41,23598.44,12.33,73.57,2,5,9.57,0.345,0.339,0
43,49272.72,28882.82,13.86,82.67,1,1,2.67,0.323,0.586,0
52,93864.56,14435.51,20.09,67.09,1,2,4.07,0.485,0.154,1
39,58066.16,7745.48,6.54,87.57,2,3,0.0,0.723,0.133,1
62,22440.32,1000.0,25.85,96.71,1,5,5.43,0.449,0.045,1
42,37103.69,35348.71,16.56,80.97,6,3,4.59,0.649,0.953,0
26,18000.0,3327.86,5.9,79.37,1,0,0.37,0.544,0.185,1
26,59849.24,32890.89,3.77,86.85,2,2,10.88,0.637,0.55,1
64,60855.55,42085.14,19.42,55.63,1,5,13.38,0.298,0.692,0
27,55661.82,44708.34,5.64,88.98,4,1,6.86,0.379,0.803,0
63,88735.34,6874.27,23.46,100.0,2,2,5.47,0.379,0.077,1
33,91367.44,54547.67,5.68,80.41,3,0,9.17,0.529,0.597,1
25,61251.45,33020.6,2.35,80.45,2,4,6.9,0.578,0.539,0
34,18036.74,13750.51,5.36,91.67,1,0,1.59,0.445,0.762,0
48,78580.19,37434.24,14.39,100.0,2,2,3.74,0.595,0.476,0
40,77217.93,17795.5,7.37,94.67,3,4,5.52,0.307,0.23,0
56,71806.61,30988.8,9.87,53.98,5,5,8.24,0.597,0.432,0
48,86592.55,28005.25,8.28,89.32,3,1,7.05,0.623,0.323,1
39,39373.78,15890.58,15.01,100.0,3,1,8.05,0.555,0.404,1
49,109192.62,27907.49,8.88,90.09,0,0,0.0,0.447,0.256,0
64,43892.59,3409.07,13.18,66.99,2,2,10.33,0.563,0.078,1
39,81482.9,3365.36,9.99,85.66,2,5,7.02,0.241,0.041,1
27,27878.35,2655.66,3.35,65.35,2,1,19.76,0.46,0.095,1
39,44534.18,11961.02,15.36,98.03,1,1,5.06,0.48,0.269,0
58,98360.11,18251.84,28.22,69.57,3,2,8.62,0.154,0.186,1
30,59260.2,28407.41,5.43,82.97,1,5,21.15,0.515,0.479,1
63,83478.3,45416.71,21.35,70.85,1,3,7.97,0.17,0.544,0
47,70213.02,31986.16,12.69,74.9,2,3,6.66,0.334,0.456,0
48,62690.92,45779.32,8.07,100.0,2,4,2.07,0.428,0.73,0
35,95004.71,28800.93,6.74,83.34,2,4,14.64,0.274,0.303,1
62,59793.51,32466.99,13.7,74.73,1,3,1.2,0.437,0.543,0
22,25823.76,5978.62,1.2,67.11,2,3,9.14,0.433,0.232,1
34,47328.72,26939.68,8.49,57.67,0,3,4.63,0.256,0.569,0
39,77126.22,61662.75,6.29,65.73,0,1,6.05,0.534,0.8,1
42,73701.2,51312.15,7.24,83.46,2,2,0.0,0.267,0.696,0
42,30524.72,6803.3,11.77,94.74,1,5,13.72,0.878,0.223,1
27,49064.46,16808.47,4.24,74.72,1,0,5.61,0.398,0.343,0
31,52202.13,11742.13,4.14,100.0,3,4,0.92,0.186,0.225,1
25,56959.67,24658.93,1.77,72.67,2,3,13.26,0.223,0.433,0
46,34729.9,24241.78,9.7,78.91,2,2,4.48,0.65,0.698,1
36,51175.84,40074.96,6.62,67.97,2,0,8.67,0.338,0.783,1
46,48970.57,24825.78,18.2,94.88,2,4,11.21,0.147,0.507,1
47,81973.73,9598.85,20.52,100.0,0,0,9.37,0.591,0.117,1
52,82800.67,39719.49,15.4,59.1,5,3,0.0,0.337,0.48,0
45,61792.17,14236.59,12.22,77.5,1,0,10.48,0.551,0.23,1
50,56375.12,14826.45,19.4,98.44,3,5,6.5,0.607,0.263,0
47,68078.33,19412.37,16.34,63.19,3,1,5.35,0.475,0.285,0
50,47035.35,33823.0,10.95,89.37,1,4,6.45,0.899,0.719,0
48,39769.69,7681.38,9.12,97.88,1,3,0.0,0.075,0.193,0
35,44315.13,5835.81,7.97,83.02,3,0,7.96,0.256,0.132,1
32,51034.11,1000.0,7.45,89.15,2,4,0.18,0.369,0.03,0
56,39403.58,29571.45,12.14,100.0,3,5,5.57,0.872,0.75,0
36,68565.31,42898.81,7.14,100.0,0,1,7.78,0.78,0.626,0
45,81053.74,6066.22,10.88,81.19,2,5,12.37,0.678,0.075,1
29,30083.84,8639.57,4.19,75.08,1,4,2.9,0.261,0.287,0
40,65552.83,19063.44,10.57,70.04,0,4,14.26,0.284,0.291,1
44,60161.41,14629.17,14.99,94.7,3,2,11.73,0.254,0.243,1
49,72513.19,33714.56,15.65,64.17,1,0,4.85,0.263,0.465,1
44,64715.35,19288.69,9.12,78.72,0,2,1.46,0.719,0.298,0
37,33020.82,34912.32,5.73,83.33,1,4,0.0,0.371,1.057,0
64,37227.44,9030.48,30.4,75.46,1,3,8.36,0.398,0.243,1
44,65647.32,32452.56,12.73,85.64,3,3,3.31,0.575,0.494,0
57,87633.18,7827.34,10.96,100.0,3,4,13.0,0.087,0.089,1
54,18000.0,2929.77,13.65,80.42,3,2,3.6,0.431,0.163,1
46,72605.98,49677.16,18.26,76.34,1,0,2.5,0.201,0.684,0
60,91171.68,56642.66,26.29,95.2,1,5,8.17,0.361,0.621,0
26,61633.43,20007.79,5.5,85.11,1,3,3.57,0.303,0.325,0
62,77104.45,11584.58,24.25,100.0,3,3,7.04,0.292,0.15,1
59,49532.48,37196.42,18.92,84.14,3,3,11.93,0.465,0.751,1
43,62373.94,41970.49,11.58,78.77,7,5,7.59,0.464,0.673,0
54,29339.9,8610.42,12.49,58.81,2,4,7.6,0.376,0.293,1
44,18000.0,4309.73,14.96,60.94,4,4,8.03,0.494,0.239,0
33,85740.85,30866.23,8.14,58.14,1,4,0.0,0.246,0.36,0
56,43330.11,23211.68,12.44,86.93,3,1,8.96,0.556,0.536,1
32,54978.39,24092.73,9.7,64.29,2,4,7.8,0.379,0.438,0
35,34498.27,12034.55,7.38,98.32,0,5,11.46,0.323,0.349,1
44,33980.67,14065.86,7.15,82.39,2,1,10.03,0.261,0.414,1
58,61175.57,9467.49,16.56,78.83,1,3,5.99,0.372,0.155,1
38,48949.3,7365.44,13.7,71.03,0,4,12.16,0.794,0.15,0
43,73315.36,7106.2,17.71,90.09,2,3,5.54,0.407,0.097,0
22,74955.85,46210.86,1.98,71.54,2,5,8.24,0.191,0.617,0
26,72058.69,33947.8,5.83,69.19,2,2,5.44,0.604,0.471,0
23,70249.22,21720.9,3.44,97.45,2,1,9.31,0.326,0.309,1
24,99710.9,23591.33,3.98,86.61,4,0,5.12,0.477,0.237,0
60,41512.94,9724.97,28.55,78.95,3,5,15.24,0.299,0.234,0
58,63791.43,28168.99,17.64,90.34,3,4,17.09,0.676,0.442,0
57,89919.18,22855.31,24.5,82.12,0,3,11.37,0.302,0.254,1
23,92819.88,12689.04,2.69,86.98,5,2,14.71,0.7,0.137,1
24,33721.2,21440.01,3.66,71.38,1,2,0.0,0.21,0.636,0
33,58128.18,16946.65,5.08,100.0,2,5,0.0,0.361,0.292,0
46,94878.66,28209.65,17.24,74.46,2,4,5.39,0.7,0.297,0
36,76177.74,19969.91,13.12,100.0,0,5,7.21,0.454,0.262,0
42,69295.79,38970.62,9.63,79.54,2,4,6.01,0.874,0.562,1
28,60210.94,13423.03,7.43,92.49,2,4,0.0,0.366,0.223,1
53,56556.38,27218.21,15.37,91.54,3,3,12.76,0.471,0.481,0
35,71340.82,52686.19,5.95,96.91,2,1,17.77,0.801,0.739,0
23,59447.77,36456.53,1.53,71.07,1,3,13.4,0.117,0.613,0
54,64063.27,18021.28,23.13,95.98,0,4,12.43,0.092,0.281,1
61,66729.17,39683.24,22.68,100.0,6,3,8.13,0.261,0.595,1
21,50082.43,13386.39,1.21,78.64,1,0,2.79,0.583,0.267,0
40,76706.85,24563.32,12.19,82.45,2,5,7.36,0.098,0.32,0
58,129113.38,50478.78,16.64,75.2,2,4,17.53,0.539,0.391,1
52,25906.29,10066.5,16.12,77.5,1,2,5.24,0.525,0.389,1
59,72128.28,5476.04,27.93,100.0,3,2,4.73,0.823,0.076,0
39,48275.82,21491.22,12.27,68.94,0,0,12.54,0.629,0.445,1
37,77702.86,9393.36,11.99,69.75,1,5,12.87,0.493,0.121,1
52,66024.26,19022.56,18.42,100.0,2,1,2.76,0.692,0.288,1
27,81760.81,29696.26,6.71,90.12,3,2,5.69,0.528,0.363,0
31,90861.14,65004.92,4.82,100.0,2,2,4.49,0.328,0.715,0
48,69233.26,9693.21,11.43,76.14,3,1,7.35,0.191,0.14,0
51,89905.15,44972.48,9.78,83.64,1,3,12.52,0.306,0.5,1
26,18000.0,17861.62,4.22,73.41,2,5,2.98,0.412,0.992,0
43,99989.95,13566.57,13.92,83.86,2,5,12.45,0.455,0.136,0
37,73251.37,14920.75,11.65,58.94,5,3,7.51,0.03,0.204,1
43,88712.55,10203.28,10.44,90.9,6,0,18.63,0.376,0.115,1
64,38162.73,10048.04,11.78,86.21,3,5,8.59,0.426,0.263,0
24,46723.06,7126.19,3.4,81.25,4,1,6.52,0.53,0.153,0
65,68210.64,28403.33,35.0,76.93,0,5,9.87,0.745,0.416,1
41,64625.17,28971.74,9.14,70.37,0,2,5.31,0.457,0.448,1
55,71227.51,4893.03,12.65,91.46,3,3,0.0,0.238,0.069,1
40,88859.33,17946.26,8.6,66.78,0,2,5.8,0.056,0.202,1
34,26165.15,11636.13,7.4,88.65,5,2,5.72,0.557,0.445,0
55,86424.02,38429.47,13.89,100.0,0,0,0.0,0.246,0.445,1
51,65182.2,17708.79,13.97,100.0,4,3,6.63,0.593,0.272,0
27,60516.8,33800.53,5.12,62.43,0,2,0.0,0.699,0.559,0
52,32635.46,11537.04,14.37,75.02,4,5,5.26,0.111,0.354,0
54,76067.07,3488.59,16.13,87.48,2,2,8.22,0.531,0.046,1
38,18000.0,12787.16,5.4,81.09,3,5,7.48,0.679,0.71,0
62,79264.67,10949.64,31.19,63.81,2,1,4.94,0.624,0.138,1
49,32173.67,6274.81,14.06,87.01,3,1,6.57,0.03,0.195,1
36,66176.07,3314.33,7.45,81.87,2,0,3.08,0.249,0.05,0
21,62378.29,38253.73,0.88,100.0,1,4,7.05,0.164,0.613,1
51,90729.84,39327.69,18.71,78.71,2,0,7.29,0.525,0.433,1
30,61069.59,24318.9,8.18,97.18,2,1,2.5,0.503,0.398,1
55,49728.95,33614.55,10.01,65.53,5,5,8.34,0.03,0.676,0
44,53854.74,9200.28,8.39,68.64,3,3,8.31,0.36,0.171,0
42,93003.42,67247.87,7.76,91.38,2,3,6.17,0.58,0.723,1
28,76798.53,15789.44,5.51,96.09,1,4,19.11,0.45,0.206,1
53,56516.14,21353.81,24.87,69.55,3,4,6.3,0.449,0.378,0
28,59798.18,18265.86,4.69,82.31,1,5,5.6,0.347,0.305,0
39,30522.1,12665.71,8.86,64.04,1,3,4.89,0.208,0.415,0
58,73546.43,54594.82,25.32,79.64,1,2,2.15,0.417,0.742,1
62,26284.05,1000.0,27.34,92.88,1,0,10.43,0.43,0.038,1
65,81539.52,61795.66,17.55,76.35,2,2,3.57,0.543,0.758,1
64,67829.68,32386.87,15.2,78.76,1,4,4.16,0.559,0.477,0
46,117512.94,59155.27,12.01,67.31,3,1,4.31,0.437,0.503,1
30,40797.02,26215.31,7.65,73.57,3,4,2.08,0.639,0.643,0
58,62741.43,4798.04,23.9,100.0,0,0,0.0,0.345,0.076,1
57,104562.33,73236.8,22.73,82.95,2,0,4.69,0.131,0.7,1
65,91210.57,40057.97,31.24,68.97,2,2,11.37,0.515,0.439,1
50,49683.33,26825.14,12.43,77.91,0,1,7.98,0.445,0.54,1
27,69927.28,3581.56,3.78,61.23,4,5,14.8,0.519,0.051,1
43,65043.99,22724.6,6.78,68.82,2,2,10.75,0.167,0.349,1
41,71203.03,36382.83,15.74,99.68,3,2,9.62,0.778,0.511,0
58,49629.03,17505.29,21.65,80.15,1,2,16.41,0.562,0.353,1
38,63034.95,7159.44,7.98,100.0,2,1,6.51,0.362,0.114,1
35,29842.85,5706.72,4.84,80.76,4,5,7.32,0.233,0.191,0
24,67972.72,44356.49,3.67,81.53,3,4,6.94,0.635,0.653,0
58,74900.45,9999.42,24.97,90.33,2,0,14.72,0.2,0.134,1
54,59996.77,32274.39,20.99,47.26,4,1,7.01,0.872,0.538,0
22,29468.88,24084.59,1.41,84.66,1,0,3.76,0.297,0.817,0
40,86747.7,2083.78,15.55,81.36,0,1,9.94,0.764,0.03,1
42,73019.55,14743.09,15.04,100.0,0,3,2.92,0.383,0.202,1
42,49027.67,27466.24,13.89,94.54,2,5,9.67,0.736,0.56,0
62,58826.79,9740.77,25.32,67.26,2,2,9.07,0.273,0.166,1
27,31985.27,18371.78,6.32,98.15,2,0,6.05,0.424,0.574,0
34,42440.98,25386.47,11.43,78.59,1,0,9.83,0.581,0.598,0
29,53168.15,24055.78,6.03,70.24,5,2,0.0,0.552,0.452,0
31,92025.26,29350.31,5.96,84.56,3,1,7.81,0.64,0.319,1
61,50930.93,32723.35,18.57,79.36,1,3,4.69,0.323,0.643,1
63,79084.7,33593.58,29.68,100.0,1,0,21.31,0.437,0.425,1
23,53157.04,7241.98,2.86,86.43,1,1,7.78,0.67,0.136,1
49,70454.85,32202.84,8.95,84.67,4,3,4.02,0.279,0.457,1
31,61889.3,43377.3,4.17,93.71,0,1,0.11,0.535,0.701,0
29,84207.25,39396.37,7.7,96.21,6,2,13.53,0.376,0.468,1
34,53234.15,19868.69,11.08,92.19,1,1,5.25,0.461,0.373,0
29,30404.38,7894.52,7.99,100.0,0,0,3.04,0.437,0.26,1
43,34597.12,1000.0,11.6,89.91,3,2,8.68,0.262,0.03,0
65,53298.7,10693.78,30.18,84.18,2,1,10.25,0.368,0.201,1
47,37520.68,1383.26,19.26,98.11,2,5,10.17,0.449,0.037,1
53,74024.66,54024.03,14.27,80.82,2,5,7.1,0.399,0.73,0
43,54753.1,18344.34,8.07,82.43,1,2,7.8,0.735,0.335,0
21,117241.34,66659.08,2.25,100.0,2,1,8.16,0.622,0.569,0
24,26770.28,1000.0,1.59,100.0,1,2,8.68,0.478,0.037,1
33,69479.93,4206.23,8.23,81.89,6,3,9.12,0.267,0.061,0
31,40185.03,11370.61,7.48,76.1,4,2,12.47,0.255,0.283,0
58,54145.17,13024.54,23.64,100.0,1,4,7.28,0.815,0.241,1
58,68111.23,38919.33,15.11,92.41,1,5,2.92,0.218,0.571,1
59,18000.0,18505.32,25.04,86.1,2,2,6.28,0.443,1.028,1
49,70210.17,50831.8,11.1,77.82,3,0,10.77,0.492,0.724,0
46,106863.96,17220.84,18.61,86.31,2,0,0.0,0.358,0.161,1
50,55024.36,30813.91,11.51,81.72,1,5,0.0,0.22,0.56,0
39,70715.77,15990.26,12.57,73.36,1,2,11.59,0.263,0.226,1
51,87548.28,60254.08,21.18,83.68,5,1,14.6,0.311,0.688,0
56,61393.02,21234.19,13.09,85.45,3,3,0.67,0.278,0.346,0
55,52218.88,6325.51,13.65,77.12,1,5,7.5,0.686,0.121,1
48,18000.0,1000.0,19.19,93.75,3,2,5.0,0.418,0.056,0
23,79101.8,8382.19,1.46,98.75,5,1,5.7,0.315,0.106,0
53,62510.29,25357.68,12.09,94.61,4,5,8.53,0.441,0.406,1
37,42720.96,29777.57,9.08,78.41,1,0,0.54,0.554,0.697,0
54,67785.13,37392.24,25.74,91.83,1,5,1.46,0.351,0.552,0
45,52159.03,32091.58,14.34,83.01,0,3,5.49,0.6,0.615,0
60,53374.63,9193.18,18.64,65.94,5,0,6.27,0.166,0.172,1
36,78338.41,27567.08,13.31,90.75,4,1,1.37,0.654,0.352,0
62,35555.59,10929.7,21.2,83.9,2,4,10.95,0.418,0.307,0
59,88040.94,41951.37,19.14,100.0,0,4,4.91,0.41,0.476,1
35,34250.9,11577.05,7.75,100.0,1,1,4.89,0.281,0.338,1
42,50420.57,11427.47,9.75,91.24,3,3,8.41,0.174,0.227,0
44,107304.82,51293.4,10.73,85.24,1,5,6.36,0.087,0.478,0
55,89801.8,16868.39,21.97,84.13,2,4,11.19,0.267,0.188,1
52,67147.29,21517.47,9.19,68.95,5,4,2.33,0.538,0.32,0
59,44308.34,31652.96,24.23,59.39,4,1,0.01,0.228,0.714,0
37,53356.01,5696.9,6.66,70.66,2,3,5.45,0.11,0.107,1
43,66612.06,50601.52,11.05,81.38,3,4,7.3,0.238,0.76,0
40,65825.51,14500.91,7.11,54.63,4,0,0.8,0.343,0.22,0
61,63000.84,45674.06,22.63,74.92,2,1,0.06,0.351,0.725,1
34,64321.68,40002.11,9.83,78.78,1,5,7.91,0.394,0.622,0
47,60283.75,33124.42,12.39,79.2,2,5,3.21,0.627,0.549,0
26,33276.47,21138.89,2.65,73.4,3,1,0.0,0.67,0.635,0
59,53636.76,38330.68,14.89,77.56,1,4,11.83,0.821,0.715,1
38,85121.73,37603.98,13.18,100.0,3,3,3.84,0.095,0.442,1
36,34896.65,11276.64,6.91,90.61,1,3,12.75,0.249,0.323,1
47,60829.78,3235.54,18.48,74.72,2,3,7.14,0.56,0.053,1
43,46965.41,19235.45,10.39,81.11,4,5,8.47,0.329,0.41,1
59,67449.71,12140.04,14.12,81.63,1,2,5.94,0.592,0.18,1
44,56450.07,17230.51,15.96,72.02,5,3,0.0,0.461,0.305,0
44,97502.66,5486.63,12.59,72.0,0,4,1.32,0.736,0.056,0
25,76144.83,29395.83,1.86,95.14,4,3,6.37,0.629,0.386,1
21,36140.33,2635.3,2.19,76.54,2,5,8.82,0.632,0.073,0
38,79767.02,41734.81,6.48,67.77,2,1,0.0,0.338,0.523,0
65,47957.66,23947.59,20.06,81.44,2,5,6.73,0.401,0.499,0
62,52306.08,34491.42,19.47,83.53,0,4,1.39,0.359,0.659,0
49,71904.02,22909.63,15.34,56.35,1,5,8.17,0.119,0.319,1
49,54181.56,23088.1,19.92,81.47,3,2,6.9,0.714,0.426,1
38,84642.83,42640.84,5.06,93.28,0,2,10.72,0.569,0.504,1
28,47960.78,16752.51,7.16,87.87,2,0,12.33,0.351,0.349,1
21,51383.18,25063.16,1.72,100.0,2,5,9.29,0.681,0.488,0
36,50559.84,5077.14,13.06,98.26,1,4,11.3,0.294,0.1,0
35,52555.95,43739.22,11.2,100.0,3,1,5.25,0.052,0.832,0
29,89182.21,6749.39,7.85,100.0,2,0,21.12,0.621,0.076,1
32,78833.52,51449.83,7.71,91.86,2,4,0.91,0.164,0.653,0
22,102618.77,47450.14,1.71,84.12,3,4,4.36,0.381,0.462,0
48,114888.17,20172.13,14.14,94.66,4,3,11.51,0.461,0.176,1
62,42324.23,21162.78,25.48,74.73,1,0,10.76,0.497,0.5,1
52,66549.22,14177.32,15.76,83.4,0,5,9.44,0.59,0.213,1
41,39123.59,24173.07,14.16,73.58,3,2,10.38,0.536,0.618,0
39,47892.67,17128.06,6.21,87.17,1,4,0.0,0.53,0.358,0
34,51138.18,8048.05,10.64,73.53,2,5,14.95,0.262,0.157,1
27,41742.59,3679.7,3.17,73.07,4,3,5.98,0.479,0.088,1
47,41858.48,41363.36,20.94,87.38,3,0,13.23,0.119,0.988,1
46,61825.74,17194.59,9.18,80.21,1,5,0.0,0.732,0.278,0
21,38232.19,23808.46,0.94,56.94,1,4,8.28,0.139,0.623,0
39,83526.79,55833.94,13.77,63.08,4,5,4.18,0.351,0.668,0
33,44809.42,14935.14,9.89,67.09,2,3,9.86,0.156,0.333,1
28,126810.52,31543.25,6.19,70.52,2,5,8.59,0.274,0.249,0
52,55069.54,40054.49,24.83,87.39,3,5,8.83,0.423,0.727,1
44,66584.39,46940.51,10.02,84.85,1,1,1.71,0.314,0.705,1
49,36502.49,1000.0,20.56,95.85,3,1,6.72,0.649,0.03,1
53,102534.02,26557.05,14.91,91.79,5,0,6.1,0.465,0.259,0
65,89629.01,26477.45,24.38,95.93,3,4,9.48,0.327,0.295,1
57,71532.15,25147.97,18.44,89.91,1,1,11.95,0.393,0.352,1
48,35370.34,15953.83,7.59,84.73,3,2,7.75,0.664,0.451,0
